batch,cell_id,policy,cycle_life,included,reason
1,0,3.6C(80%)-3.6C,1190.0,False,continued_in_later_run
1,1,3.6C(80%)-3.6C,1179.0,False,continued_in_later_run
1,2,3.6C(80%)-3.6C,1177.0,False,continued_in_later_run
1,3,4C(80%)-4C,1226.0,False,continued_in_later_run
1,4,4C(80%)-4C,1227.0,False,continued_in_later_run
1,8,5.4C(40%)-3.6C,879.0,False,early_stopped_incomplete_target
1,10,5.4C(50%)-3C,906.0,False,early_stopped_incomplete_target
1,12,5.4C(50%)-3.6C,902.0,False,early_stopped_incomplete_target
1,13,5.4C(50%)-3.6C,897.0,False,early_stopped_incomplete_target
1,22,6C(30%)-3.6C,891.0,False,early_stopped_incomplete_target
