batch,cell_id,policy,cycle_life,log10_dq_variance,qd_slope_2_100,charge_time_mean_2_6,ir_change_100_2,tavg_mean_2_100,early_qc_flags,split
1,5,4.4C(80%)-4.4C,1074.0,-4.178877963304522,1.1228400742114224e-05,10.967849666666668,-0.000111867,30.92149771366389,0,development
1,6,4.8C(80%)-4.8C,636.0,-3.768877900227724,-4.808646876938924e-06,10.07647899999999,-0.000333346,32.27384521945563,0,validation
1,7,4.8C(80%)-4.8C,870.0,-3.8134860773269863,-6.42818800247794e-06,10.02508166666667,-3.842100000000029e-05,31.99008450921703,0,validation
1,9,5.4C(40%)-3.6C,1054.0,-4.059383677769545,1.8204385899806905e-05,11.207955999999994,-3.366599999999817e-05,32.64153361126789,0,development
1,11,5.4C(50%)-3C,788.0,-4.146896530502188,2.1809402597400947e-05,11.668875999999988,-0.0003035779999999,32.75932260623101,0,development
1,14,5.4C(60%)-3C,880.0,-4.046069839990279,2.6234124922698223e-05,10.764334,-6.811500000000054e-05,33.07746279993842,0,development
1,15,5.4C(60%)-3C,719.0,-4.017949103167607,2.904936054421284e-05,10.797705666666673,-0.000253296,33.147720104395674,0,development
1,16,5.4C(60%)-3.6C,862.0,-4.099413675443745,2.3160274582555584e-05,10.11310766666668,-1.481900000000272e-05,32.41716254671688,0,development
1,17,5.4C(60%)-3.6C,857.0,-3.970159451162403,1.7886231292523448e-05,10.146880666666664,2.2162999999998656e-05,32.088753858534446,0,development
1,18,5.4C(70%)-3C,691.0,-3.650080545153841,-4.754075940036315e-05,9.958173666666676,-0.003994543,31.831057275618026,1,development
1,19,5.4C(70%)-3C,788.0,-3.6199068274368353,-1.0355845392700724e-05,9.924738333333329,-6.60869999999994e-05,33.044085397077396,0,development
1,20,5.4C(80%)-5.4C,534.0,-3.367237410245857,-0.0001397761818181,9.021115000000016,-0.000580528,32.15292201754506,0,development
1,21,5.4C(80%)-5.4C,559.0,-3.3503380515995875,-8.178444155844591e-05,8.964706333333336,-0.000203807,33.13697371135653,0,development
1,23,6C(30%)-3.6C,1014.0,-4.0407936433278895,-6.950910327772603e-06,11.447006333333356,-9.143999999999123e-06,31.99077454717494,0,validation
1,24,6C(40%)-3C,1017.0,-3.938662523656534,2.024258503403737e-06,12.147216,-4.86200000000131e-06,33.378063951824195,0,development
1,25,6C(40%)-3C,854.0,-4.027888820540259,5.12931354361571e-07,12.130126666666674,-1.1263999999996945e-05,33.848557073949294,0,development
1,26,6C(40%)-3.6C,870.0,-3.795219996785343,-1.521046134818085e-05,10.764819666666668,1.2887999999999096e-05,33.15641406115227,0,development
1,27,6C(40%)-3.6C,842.0,-3.8537032000559392,-1.0758799010519626e-05,10.796985333333325,3.187999999999802e-05,33.89497000372245,0,development
1,28,6C(50%)-3C,860.0,-3.844711807496199,-7.726680272115018e-06,11.129907333333346,6.377100000000066e-05,33.773800525042,0,validation
1,29,6C(50%)-3C,917.0,-3.8382817049630766,-5.212719851575346e-06,11.179535333333334,1.7818000000002776e-05,32.70415601771739,0,validation
1,30,6C(50%)-3.6C,709.0,-3.744699217898308,-1.6368218923929572e-05,10.130179666666669,5.842799999999926e-05,33.54008830692456,0,development
1,31,6C(50%)-3.6C,876.0,-3.777732624088043,-2.62010822510796e-05,10.11367266666668,1.0658000000000197e-05,30.375396745150564,0,development
1,32,6C(60%)-3C,731.0,-3.6464634970703615,-1.2776272108848686e-05,10.096438,5.134400000000178e-05,33.08050304573434,0,validation
1,33,6C(60%)-3C,757.0,-3.6670575975866417,-2.1812165739027016e-05,10.146428666666663,-1.720699999999825e-05,33.67169761442224,0,validation
1,34,7C(30%)-3.6C,742.0,-3.848616157008837,-3.129647495333547e-07,11.06793699999998,-2.8376000000000096e-05,32.66455167507311,0,development
1,35,7C(30%)-3.6C,703.0,-3.77260581559603,3.195320964752807e-06,11.05119499999999,3.243499999999733e-05,32.09733437854189,0,development
1,36,7C(40%)-3C,704.0,-3.669501342595944,-7.183043908475764e-06,11.524843333333347,8.785199999999938e-05,32.04688205693082,0,development
1,37,7C(40%)-3C,648.0,-3.673938893314921,-9.680958565245865e-06,11.57439200000002,6.718000000000002e-05,32.95969887229894,0,development
1,38,7C(40%)-3.6C,617.0,-3.4330481735466756,-9.43712430427038e-06,10.243066666666683,8.89640000000004e-05,33.69474656343401,0,development
1,39,7C(40%)-3.6C,625.0,-3.5045337204530713,-3.294477427340171e-06,10.258443000000009,9.157099999999864e-05,33.50643317156701,0,development
1,40,8C(15%)-3.6C,966.0,-4.0552127051547355,-8.20486332715938e-06,12.071222666666683,6.656899999999896e-05,33.45968416375564,0,development
1,41,8C(15%)-3.6C,1051.0,-4.071513969179501,-1.3855287570256206e-07,12.087368000000003,-9.889999999998511e-07,33.07332253245542,0,development
1,42,8C(25%)-3.6C,702.0,-3.6658557852690015,2.113598021033933e-06,11.171093666666682,0.000103314,33.58506724391689,0,development
1,43,8C(25%)-3.6C,651.0,-3.667779071634814,-2.401481014224145e-05,11.170874333333334,0.000127854,33.339782658681436,0,development
1,44,8C(35%)-3.6C,616.0,-3.42070000480644,-3.3615460729745583e-05,10.271104333333334,0.000152771,32.55333216968653,0,development
1,45,8C(35%)-3.6C,599.0,-3.425292235698853,-1.292005318491748e-05,10.254465333333323,0.0001503839999999,33.0005473910965,0,development
2,0,5.2C(58%)-4C,477.0,-3.4872647963011447,1.3737568336431474e-05,10.173733999999968,6.96420000000017e-05,31.808470926230022,0,test
2,1,5.6C(26%)-4.5C,491.0,-3.2980513654760366,-3.290422139764397e-05,10.192646000000046,-0.00069421,33.60099815475848,0,test
2,2,5.2C(50%)-4.25C,424.0,-3.4602483651128177,-5.396060358691645e-06,10.175071333333326,-9.869800000000124e-05,33.17566129490617,0,test
2,3,4.65C(44%)-5C,499.0,-3.496242996974693,7.592857884971752e-05,10.173250333333367,-3.5558000000001505e-05,33.93805810095692,0,test
2,4,4.65C(69%)-6C,444.0,-3.232506812226559,-6.742782807669012e-05,10.222283666666629,-0.000903592,33.04820861652687,0,test
2,5,3.6C(30%)-6C,416.0,-3.085881724279185,-0.0001948491799628,10.178295333333276,-0.0007167039999999,33.01307013030371,0,test
2,6,3.6C(9%)-5C,393.0,-3.53003968650195,6.24381335807018e-05,10.179130999999906,-0.000526063,33.81904518975318,0,test
2,7,4.8C(80%)-4.8C-newstructure,777.0,-4.231670089905405,5.346993939393214e-05,10.037040333333376,1.3403999999999848e-05,33.769687089746824,0,test
2,8,5.2C(58%)-4C-newstructure,904.0,-4.10242248030074,-4.8129210760671786e-05,10.04007933333327,3.0228999999999673e-05,33.59868374090274,0,test
2,9,5.6C(26%)-4.5C-newstructure,791.0,-4.344425682662564,-3.178960420532104e-05,10.040580999999946,-5.300199999999991e-05,32.3508526526095,0,test
2,10,4.8C(80%)-4.8C,492.0,-3.4509001132975605,5.4494455906002766e-05,10.17126966666663,-0.000303047,31.720791269063756,0,test
2,11,5.2C(50%)-4.25C,449.0,-3.485393220979881,0.0001163692838589,10.17367599999993,1.5793000000000057e-05,33.146477466034135,0,test
2,12,4.65C(44%)-5C,466.0,-3.1679683681509765,3.124443661100505e-05,10.174669333333393,-0.0010207299999999,31.314676947956993,0,test
2,13,4.65C(69%)-6C,460.0,-3.3444477218838284,-1.1445944341368896e-05,10.207829000000007,-0.001093559,31.946988973926523,0,test
2,14,3.6C(30%)-6C,426.0,-3.118519966248836,-0.000101657056277,10.207831333333306,-0.0008788019999999,32.123877001585356,0,test
2,15,3.6C(9%)-5C,396.0,-3.516251926776714,9.20414260977118e-05,10.174112999999924,-0.0009618189999999,32.862747677246595,0,test
2,16,4.8C(80%)-4.8C,472.0,-3.494880991874622,-1.5038863327153774e-05,10.17198033333334,-0.000279205,32.7673986704417,0,test
2,17,5.6C(26%)-4.5C,471.0,-3.500344128474038,3.904175881262204e-05,10.176372333333273,-0.000425104,32.988612809790894,0,test
2,18,5.2C(50%)-4.25C,449.0,-3.707302736176298,0.0001133929870129,10.175029666666669,-4.021899999999759e-05,32.88627829858526,0,test
2,19,6C(60%)-3C,392.0,-3.291958004542694,2.1983457019166268e-05,10.175535333333393,6.25240000000013e-05,32.770067410122046,0,test
2,20,5.2C(58%)-4C,489.0,-3.441305431410401,2.8384829931970537e-05,10.172872000000012,0.0001909399999999,33.61911118506716,0,test
2,21,6C(60%)-3C,408.0,-3.326679075199306,3.546821447123146e-05,10.174583999999935,0.000128538,33.60118814118363,0,test
2,24,4.8C(80%)-4.8C,514.0,-3.6408852680750527,4.325509709338842e-05,10.170490666666687,-0.0001408489999999,33.206377241160645,0,test
2,25,5.2C(58%)-4C,493.0,-3.5344779300217333,3.860060482374841e-05,10.172881333333304,2.3801000000000377e-05,32.23848796399698,0,test
2,26,5.6C(26%)-4.5C,450.0,-3.2220536077932804,-1.223195670995208e-05,10.192329666666629,-0.000829171,33.75843376995604,0,test
2,27,5.2C(50%)-4.25C,474.0,-3.48620363289781,8.322792949907285e-05,10.174448333333178,0.000122759,33.30411096115286,0,test
2,28,4.8C(80%)-4.8C,437.0,-3.4234111691232063,5.7402129870125894e-05,10.17431633333336,-0.000654615,32.143914131113334,0,test
2,29,5.2C(58%)-4C,452.0,-3.5082481790944344,0.0001200828880643,10.173121999999903,0.000110617,31.797490897448796,0,test
2,30,5.6C(26%)-4.5C,412.0,-3.1854095592748743,-8.503881385281154e-05,10.223914333333378,-0.0010622549999999,33.81182141567536,0,test
2,31,5.6C(26%)-4.5C,425.0,-3.35235883148731,3.9791858998146125e-05,10.17796866666676,-0.000681926,33.3758501254003,0,test
2,32,4.8C(80%)-4.8C-newstructure,809.0,-4.131466155166347,-5.5682572665427346e-05,10.041900666666674,-5.889600000000099e-05,32.16894887045923,0,test
2,33,5.2C(58%)-4C-newstructure,1140.0,-4.23162831933775,-0.0001253141632653,10.03920333333323,-8.753799999999985e-05,32.74157143407892,0,test
2,34,5.6C(26%)-4.5C-newstructure,1186.0,-4.448585173324752,-5.456295732837848e-05,10.04001100000004,-0.0001188279999999,35.66789148456313,0,test
2,41,5.6C(26%)-4.5C,442.0,-3.1723658101769976,2.3998204081631683e-05,10.177705666666686,,30.193787010451164,0,test
2,42,5.2C(50%)-4.25C,474.0,-3.482587648007536,8.583347433519058e-05,10.174918666666732,,31.709620029469267,0,test
2,43,4.8C(80%)-4.8C-newstructure,1029.0,-4.271781928623568,-7.295969944341106e-05,10.0362016666667,,33.92914533704784,0,test
2,44,5.2C(58%)-4C-newstructure,841.0,-4.36452348032534,-2.446207668521927e-05,10.040366333333369,,33.95995836968299,0,test
2,45,5.6C(26%)-4.5C-newstructure,997.0,-4.175214949171005,-7.610656895484813e-05,10.040267666666622,,35.271412144027664,0,test
2,46,4.8C(80%)-4.8C,503.0,-3.5088751328187,1.9638269635131457e-05,10.169781000000077,,29.88150861827619,0,test
3,0,5C(67%)-4C-newstructure,1009.0,-4.245114870317645,-5.346195423626031e-06,10.044530999999989,-0.00012841200000000136,32.194853230782606,0,additional_test
3,1,5.3C(54%)-4C-newstructure,1063.0,-4.28554271039912,-1.4719340754480143e-05,10.041138666666567,-0.00010282300000000015,34.83231929224147,0,additional_test
3,2,5.6C(19%)-4.6C-newstructure,1267.0,-4.77938058992098,-2.039117996289508e-05,10.044049666666687,-0.0004166900000000008,36.79033178065713,0,additional_test
3,3,5.6C(36%)-4.3C-newstructure,1115.0,-4.116607770381197,-1.2654854669141905e-05,10.042065333333351,5.60549999999993e-05,36.08374244976545,0,additional_test
3,4,5.6C(19%)-4.6C-newstructure,1048.0,-4.178465673149821,-5.233104514546137e-06,10.045031333333366,-6.733400000000049e-05,32.11715379681872,0,additional_test
3,5,5.6C(36%)-4.3C-newstructure,828.0,-4.114423974726586,-1.602090043289774e-05,10.041910000000012,-0.00016723399999999874,35.56013985266867,0,additional_test
3,6,3.7C(31%)-5.9C-newstructure,667.0,-3.5257081929454923,-0.0002023977884972222,10.06247166666663,0.00032014799999999927,34.1072055276095,0,additional_test
3,7,4.8C(80%)-4.8C-newstructure,1836.0,-4.488742187967907,-2.3574483611610727e-06,11.041577333333311,-3.5402999999999823e-05,32.79694473003086,0,additional_test
3,8,5C(67%)-4C-newstructure,828.0,-4.091803757442373,-3.3089511440911376e-06,10.044950000000002,-0.00017268099999999918,33.05552416009523,0,additional_test
3,9,5.3C(54%)-4C-newstructure,1039.0,-3.982296953008088,6.68053184916058e-07,10.041749333333332,-2.9396000000000977e-05,33.08832983925303,0,additional_test
3,10,4.8C(80%)-4.8C-newstructure,1078.0,-4.4113559240265765,-2.8759653679635088e-06,11.045003333333321,-0.00014386399999999876,32.5348014795901,0,additional_test
3,11,5.6C(19%)-4.6C-newstructure,817.0,-3.884921164468091,-1.7682165739029632e-05,10.042218333333295,-4.955999999999884e-05,34.20373702283128,0,additional_test
3,12,5.6C(36%)-4.3C-newstructure,932.0,-3.9467899768101886,-6.6794632034672655e-06,10.04249166666661,-4.0385999999999894e-05,33.2205731520236,0,additional_test
3,13,5.6C(19%)-4.6C-newstructure,816.0,-4.094466485311571,-1.2185193568341783e-05,10.042319666666685,-0.00014514099999999967,34.11768528185422,0,additional_test
3,14,5.6C(36%)-4.3C-newstructure,858.0,-3.999667694941731,4.6361076066727265e-06,10.041712000000018,-7.740999999999998e-05,33.11953606667905,0,additional_test
3,15,5.9C(15%)-4.6C-newstructure,876.0,-4.000684421929468,-1.156462213976474e-05,10.041533666666655,-9.027200000000062e-05,33.51055049283859,0,additional_test
3,16,4.8C(80%)-4.8C-newstructure,1638.0,-4.694513499472995,-9.691301175018761e-06,11.04336633333335,-0.00012093599999999857,34.94134876933804,0,additional_test
3,17,5.3C(54%)-4C-newstructure,1315.0,-4.439713079764758,-5.833125541120238e-06,10.041974333333346,-0.00016227499999999992,35.07228784758459,0,additional_test
3,18,5.6C(19%)-4.6C-newstructure,1146.0,-4.254052001185467,-2.927494124922568e-05,10.043129666666696,-3.7439999999999696e-05,35.2914180269327,0,additional_test
3,19,5.6C(36%)-4.3C-newstructure,1155.0,-4.171941874669042,-2.9691358070504438e-05,10.043436999999928,-4.249000000000093e-05,35.09835953689969,0,additional_test
3,20,5C(67%)-4C-newstructure,813.0,-4.066344693269561,-7.154074211500192e-06,10.04332966666664,-7.635700000000085e-05,33.10212248197412,0,additional_test
3,21,3.7C(31%)-5.9C-newstructure,772.0,-3.704326685729231,-0.0001594917019171322,10.067868000000017,0.00023393700000000003,34.900399416468076,0,additional_test
3,22,5.9C(60%)-3.1C-newstructure,1002.0,-4.046822397094466,-1.5988764378483083e-05,10.043384333333282,-0.00012298300000000012,34.61069656408486,0,additional_test
3,24,5C(67%)-4C-newstructure,825.0,-4.155254994876533,9.6505887445875e-06,10.042240333333272,-0.0001505590000000015,34.68760501613314,0,additional_test
3,25,5.3C(54%)-4C-newstructure,989.0,-4.1465607447332715,6.950843537418871e-06,10.041598333333386,-4.924599999999932e-05,35.58186389191699,0,additional_test
3,26,5.6C(19%)-4.6C-newstructure,1028.0,-4.219507413901045,-4.2884230055903015e-07,10.041816666666708,-4.2369000000000434e-05,35.745916536891265,0,additional_test
3,27,5.6C(36%)-4.3C-newstructure,850.0,-4.130132310934438,-4.0353704390864875e-06,10.045022333333327,-9.954799999999965e-05,35.30844806776433,0,additional_test
3,28,3.7C(31%)-5.9C-newstructure,541.0,-3.451657893017001,-0.00019802208534322756,10.05914166666674,0.00043592300000000125,35.69688828820833,0,additional_test
3,29,5.9C(15%)-4.6C-newstructure,858.0,-4.0635761002012085,4.077620284472189e-06,10.041687666666647,-0.00016551100000000013,31.262889334066085,0,additional_test
3,30,5.3C(54%)-4C-newstructure,935.0,-4.1002255467806545,-3.416536796534243e-06,10.043678666666674,-0.00011412599999999912,32.24311941023021,0,additional_test
3,31,5.9C(60%)-3.1C-newstructure,731.0,-3.8396030254357147,-8.999562152133179e-06,10.046477666666663,-2.983200000000047e-05,34.00003070157337,0,additional_test
3,33,5C(67%)-4C-newstructure,1284.0,-4.395898333073689,-1.2591045145338765e-05,10.043301333333366,-0.00015399299999999984,33.10710984192206,0,additional_test
3,34,5.3C(54%)-4C-newstructure,1158.0,-4.305659504591576,-2.115797278911987e-05,10.044184666666649,-0.00010690799999999931,35.77943527518051,0,additional_test
3,35,5.6C(19%)-4.6C-newstructure,1093.0,-4.234858289724564,-1.953093877550817e-05,10.043148666666676,-7.601500000000046e-05,35.532941501822236,0,additional_test
3,36,5.6C(36%)-4.3C-newstructure,923.0,-4.253457920681209,-2.197191960420188e-05,10.043801000000046,-8.82880000000006e-05,35.87907157748097,0,additional_test
3,37,4.8C(80%)-4.8C-newstructure,1390.0,-5.098855849397497,-2.0516487322216555e-06,11.038556666666702,-0.00013295699999999952,35.01461049108638,0,additional_test
3,38,5C(67%)-4C-newstructure,1935.0,-4.342053043792284,-8.787589363021427e-06,10.044471,-0.00011589700000000022,34.745836319764145,0,additional_test
3,39,5.3C(54%)-4C-newstructure,1156.0,-4.454635076566319,-6.583238095233322e-06,10.043833000000012,-0.00015527400000000038,33.887021839840784,0,additional_test
3,40,5.6C(19%)-4.6C-newstructure,796.0,-4.29510827493732,-7.692147186143209e-06,10.043562999999995,-0.00023430500000000062,34.05341123035083,0,additional_test
3,41,5.6C(36%)-4.3C-newstructure,786.0,-4.2195093707566445,9.732244897959292e-06,10.042974333333357,-0.00017313199999999945,33.640262798950594,0,additional_test
3,42,4.8C(80%)-4.8C-newstructure,1642.0,-4.346194685061839,1.8104885590570822e-06,11.038937333333307,-0.0005620929999999996,33.03326599301577,0,additional_test
3,43,5C(67%)-4C-newstructure,1046.0,-4.316748020025344,3.041014223876659e-06,10.043887666666608,-0.00014502799999999844,33.89526904792961,0,additional_test
3,44,5.3C(54%)-4C-newstructure,940.0,-4.131495522376496,4.689736549163306e-06,10.043435666666628,-0.00010574500000000084,33.35164903826186,0,additional_test
3,45,4.8C(80%)-4.8C-newstructure,1801.0,-4.5208508005857535,-1.2584539269261775e-07,11.037649999999994,-7.953999999999947e-05,32.72596355233115,0,additional_test
