candidate_id,model,feature_set,cv_mean_mape_pct,cv_std_mape_pct,fold_1_mape_pct,fold_2_mape_pct,fold_3_mape_pct,fold_4_mape_pct,alpha,l1_ratio,C,gamma,epsilon,max_depth,min_samples_leaf,target_scale
62,Ridge,plus_2,9.024173963523138,2.5814826138731037,4.567117435884376,10.763398794254563,10.573680307751514,10.192499316202097,0.1,,,,,,,
68,ElasticNet,plus_2,9.025827522095517,2.7742830339375426,4.2619854748171235,11.048994859375808,10.745119996349018,10.047209757840115,0.01,0.2,,,,,,
3,Ridge,variance,9.025860203175775,2.763212309421788,4.331694173377847,11.181329800459135,10.85984785279188,9.730568986074235,1.0,,,,,,,
67,ElasticNet,plus_2,9.027909410557701,2.5974450902127453,4.55211382537552,10.83167895694788,10.619550787016276,10.108294072891127,0.001,0.8,,,,,,
66,ElasticNet,plus_2,9.029519885917416,2.573296610646744,4.591874153748486,10.79539780997264,10.59694826553459,10.133859314413954,0.001,0.5,,,,,,
65,ElasticNet,plus_2,9.03114885290884,2.549352331558117,4.6315971488256436,10.759270572582965,10.574300927107515,10.159426763119237,0.001,0.2,,,,,,
8,ElasticNet,variance,9.03428425842498,2.6981389125247657,4.444872830557077,11.117156205313108,10.824858139457296,9.75024985837244,0.01,0.2,,,,,,
63,Ridge,plus_2,9.044450348080723,2.908415524174316,4.026819463147683,11.073955706049597,10.732889894032988,10.344136329092622,1.0,,,,,,,
7,ElasticNet,variance,9.04921714659903,2.493379070945256,4.7895716688560945,10.894637280162698,10.705417613031024,9.807242024346301,0.001,0.8,,,,,,
9,ElasticNet,variance,9.053926773274217,2.961228210696301,4.057594640998126,11.48213398007247,11.015607207920118,9.66037126410615,0.01,0.5,,,,,,
6,ElasticNet,variance,9.054152701789432,2.456134741099847,4.855398436598198,10.858835889400702,10.686035637024215,9.816340844134615,0.001,0.5,,,,,,
2,Ridge,variance,9.056547976465922,2.4293471825734967,4.901401851444468,10.830778695069807,10.670914799967255,9.823096559382162,0.1,,,,,,,
5,ElasticNet,variance,9.059087669568896,2.4189847059466425,4.921142266135307,10.823123560888122,10.666643220265096,9.825441630987061,0.001,0.2,,,,,,
69,ElasticNet,plus_2,9.060751357801506,2.949210409091497,4.057594640998126,11.425964383371491,10.965464144489772,9.793982262346633,0.01,0.5,,,,,,
1,Linear,variance,9.063771152889707,2.3847851453766773,4.98188507974018,10.790473625381408,10.648831062002758,9.833894844434479,,,,,,,,
141,ElasticNet,plus_2_4,9.112788348779292,2.8937681548864767,4.213437223030347,11.478269765250415,10.965464144489772,9.793982262346633,0.01,0.5,,,,,,
135,Ridge,plus_2_4,9.129322562312622,2.462170545206272,4.9290146282012754,11.20003756297734,10.35397019152138,10.03426786655049,1.0,,,,,,,
22,ElasticNet,early,9.137121010466483,3.0894137266051187,3.977675229303184,11.818750638445351,11.181356356445441,9.570701817671958,0.01,0.8,,,,,,
70,ElasticNet,plus_2,9.137121010466483,3.0894137266051187,3.977675229303184,11.818750638445351,11.181356356445441,9.570701817671958,0.01,0.8,,,,,,
10,ElasticNet,variance,9.152464098025826,3.1015144622986712,3.977675229303184,11.856174609617705,11.205304735510452,9.570701817671958,0.01,0.8,,,,,,
58,ElasticNet,plus_1,9.152464098025826,3.1015144622986712,3.977675229303184,11.856174609617705,11.205304735510452,9.570701817671958,0.01,0.8,,,,,,
46,ElasticNet,early_temperature,9.155421482846183,3.0675998589916733,4.037119697193732,11.832508060073602,11.181356356445441,9.570701817671958,0.01,0.8,,,,,,
142,ElasticNet,plus_2_4,9.155421482846183,3.0675998589916733,4.037119697193732,11.832508060073602,11.181356356445441,9.570701817671958,0.01,0.8,,,,,,
94,ElasticNet,plus_4,9.168503993998451,3.077757547278226,4.037119697193732,11.860889725617664,11.205304735510452,9.570701817671958,0.01,0.8,,,,,,
118,ElasticNet,plus_1_4,9.168503993998451,3.077757547278226,4.037119697193732,11.860889725617664,11.205304735510452,9.570701817671958,0.01,0.8,,,,,,
93,ElasticNet,plus_4,9.171802558028435,2.7899369994472782,4.485907359427229,11.52532440066025,11.015607207920118,9.66037126410615,0.01,0.5,,,,,,
140,ElasticNet,plus_2_4,9.20179974627857,2.4837908684731063,4.964359457214415,11.144674050316418,10.745119996349018,9.953045481234431,0.01,0.2,,,,,,
139,ElasticNet,plus_2_4,9.232481847419447,2.2128819110215487,5.4564274486897455,11.012551275098623,10.520451415359645,9.94049725052977,0.001,0.8,,,,,,
138,ElasticNet,plus_2_4,9.245075782185772,2.1813896028921573,5.529437169541286,11.059746075984734,10.448545661389094,9.942574221827973,0.001,0.5,,,,,,
134,Ridge,plus_2_4,9.248618106316373,2.1690856190261094,5.566261466968225,11.144281996965438,10.329450741328447,9.954478220003383,0.1,,,,,,,
210,Linear,variance,9.250362449025394,2.2005459634765336,5.440213674268554,10.601330657205105,10.438258400068353,10.521647064559563,,,,,,,,raw
137,ElasticNet,plus_2_4,9.257623923493103,2.150855460455933,5.60237141555905,11.106870980558556,10.376616727386393,9.944636570468411,0.001,0.2,,,,,,
45,ElasticNet,early_temperature,9.310738969478193,3.0676856891898816,4.213437223030347,12.256060491342978,10.965464144489772,9.807994019049675,0.01,0.5,,,,,,
87,Ridge,plus_4,9.329137711355402,2.217785879905393,5.661235521479749,11.285874002003874,10.865870087841179,9.50357123409681,1.0,,,,,,,
92,ElasticNet,plus_4,9.337465709175524,2.2268626190393586,5.595188009676605,11.198541796472373,10.824858139457296,9.73127489109582,0.01,0.2,,,,,,
91,ElasticNet,plus_4,9.394469072862467,1.9058746581364205,6.203827956935573,10.99159534477153,10.705417613031024,9.677035376711745,0.001,0.8,,,,,,
90,ElasticNet,plus_4,9.406984765749753,1.8504169266018191,6.315069538538959,10.959639688669672,10.696630775783118,9.656599060007258,0.001,0.5,,,,,,
21,ElasticNet,early,9.413259930287184,3.273672375238871,4.057594640998126,12.821986916611165,10.965464144489772,9.807994019049675,0.01,0.5,,,,,,
89,ElasticNet,plus_4,9.429478574600306,1.8023217130538902,6.426148680737774,10.92777038475192,10.727898529138733,9.6360967037728,0.001,0.2,,,,,,
86,Ridge,plus_4,9.434517371416803,1.807795458673896,6.429706694582152,10.937789388356304,10.758206655413423,9.612366747315336,0.1,,,,,,,
57,ElasticNet,plus_1,9.473899329215941,3.352797633021098,4.057594640998126,13.106122215321717,11.015607207920118,9.7162732526238,0.01,0.5,,,,,,
117,ElasticNet,plus_1_4,9.534620974622,3.1297496525597452,4.485907359427229,12.920696078516853,11.015607207920118,9.7162732526238,0.01,0.5,,,,,,
44,ElasticNet,early_temperature,9.965927403760046,3.278071298915623,4.964359457214415,14.13210363068399,10.745120028972945,10.022126498168836,0.01,0.2,,,,,,
39,Ridge,early_temperature,9.999579263214391,3.3791593317929984,4.901154830965935,14.404511327110889,10.482426783170306,10.210224111610437,1.0,,,,,,,
20,ElasticNet,early,10.026698965924746,3.8181073032876585,4.2619854748171235,14.982044742545874,10.745120028972945,10.11764561736304,0.01,0.2,,,,,,
34,ElasticNet,early_ir,10.13522309648415,4.076004369813638,3.977675229303184,11.818750638445351,15.173764700516108,9.570701817671958,0.01,0.8,,,,,,
130,ElasticNet,plus_2_3,10.13522309648415,4.076004369813638,3.977675229303184,11.818750638445351,15.173764700516108,9.570701817671958,0.01,0.8,,,,,,
82,ElasticNet,plus_3,10.144579089272135,4.079899063652319,3.977675229303184,11.856174609617705,15.173764700495692,9.570701817671958,0.01,0.8,,,,,,
106,ElasticNet,plus_1_3,10.144579089272135,4.079899063652319,3.977675229303184,11.856174609617705,15.173764700495692,9.570701817671958,0.01,0.8,,,,,,
197,SVR,variance,10.149545271941392,2.3733786945392503,6.232053230397696,12.629432718609927,10.838627361894229,10.898067776863716,,,10.0,0.1,0.02,,,
178,ElasticNet,plus_2_3_4,10.15352356886385,4.054993448105052,4.037119697193732,11.832508060073602,15.173764700516108,9.570701817671958,0.01,0.8,,,,,,
190,ElasticNet,full,10.15352356886385,4.054993448105052,4.037119697193732,11.832508060073602,15.173764700516108,9.570701817671958,0.01,0.8,,,,,,
154,ElasticNet,plus_3_4,10.160618985244762,4.057948876842387,4.037119697193732,11.860889725617664,15.173764700495692,9.570701817671958,0.01,0.8,,,,,,
166,ElasticNet,plus_1_3_4,10.160618985244762,4.057948876842387,4.037119697193732,11.860889725617664,15.173764700495692,9.570701817671958,0.01,0.8,,,,,,
56,ElasticNet,plus_1,10.17554481884259,3.901338946045528,4.444872830557077,15.414785923990474,10.906431022146055,9.93608949867676,0.01,0.2,,,,,,
195,SVR,variance,10.176476397513039,2.14107996443985,6.70886716044509,12.397228584439189,11.349228737843482,10.25058110732439,,,1.0,0.1,0.02,,,
15,Ridge,early,10.243105758836771,4.037613634315832,4.123669356873254,15.468284657520712,10.86264506415348,10.517823956799639,1.0,,,,,,,
43,ElasticNet,early_temperature,10.335855647100125,3.4274132447036285,5.560594941961889,15.240244796123346,10.520451409179255,10.022131441136015,0.001,0.8,,,,,,
116,ElasticNet,plus_1_4,10.370757637226784,3.386924193951473,5.595188009676605,15.11783828900838,10.906431022146055,9.863573228076095,0.01,0.2,,,,,,
51,Ridge,plus_1,10.422136919212724,4.17566279173551,4.301796809037777,16.046983007023456,11.181950948597644,10.157816912192018,1.0,,,,,,,
42,ElasticNet,early_temperature,10.44067005801219,3.4082599629538364,5.833998709345257,15.44829611665822,10.448545652017295,10.031839754027985,0.001,0.5,,,,,,
81,ElasticNet,plus_3,10.453862616660476,4.4878488299047135,4.057594640998126,11.48213398007247,16.615350581465165,9.66037126410615,0.01,0.5,,,,,,
111,Ridge,plus_1_4,10.454065113078249,3.6891183510297214,5.273885436911053,15.637186912375261,11.060606978945474,9.84458112408121,1.0,,,,,,,
88,Ridge,plus_4,10.463243946222377,3.094728608420966,5.676845202035148,13.855842910141755,12.368179650609216,9.95210802210339,10.0,,,,,,,
129,ElasticNet,plus_2_3,10.47322296676007,4.479260613569016,4.057594640998126,11.425964383371491,16.61535058032403,9.793982262346633,0.01,0.5,,,,,,
19,ElasticNet,early,10.48887470826245,3.9777953707377494,4.957025921769607,16.19667434686747,10.619550812716929,10.182247751695797,0.001,0.8,,,,,,
40,Ridge,early_temperature,10.494007440532492,2.1680485693966887,6.773553525163659,12.077081012801735,11.853937856483087,11.271457367681485,10.0,,,,,,,
4,Ridge,variance,10.505590798715982,3.0181892438655034,5.875621889832171,13.780749629544136,12.478532909571301,9.887458765916318,10.0,,,,,,,
177,ElasticNet,plus_2_3_4,10.525259957737855,4.426378451586422,4.213437223030347,11.478269765250415,16.61535058032403,9.793982262346633,0.01,0.5,,,,,,
38,Ridge,early_temperature,10.5408525476042,3.3797977326506228,6.1546218708881,15.655731191368114,10.289806617519938,10.06325051064065,0.1,,,,,,,
41,ElasticNet,early_temperature,10.540991066147651,3.3962434419632856,6.105326239113219,15.65766332435206,10.35944497383243,10.041529727292897,0.001,0.2,,,,,,
136,Ridge,plus_2_4,10.549424260818698,2.6765558401766882,6.114735947462427,13.30039765638852,11.436235253476177,11.346328185947671,10.0,,,,,,,
199,SVR,variance,10.56311139779156,2.6482172716265744,6.162982935234935,12.860934045071188,10.839262823128463,12.389265787731661,,,100.0,0.1,0.02,,,
153,ElasticNet,plus_3_4,10.572664452843853,4.339054586533515,4.485907359427229,11.529028606376867,16.615350581465165,9.66037126410615,0.01,0.5,,,,,,
18,ElasticNet,early,10.615845767888755,3.976050289253847,5.21462949480368,16.438264505037555,10.59694830928776,10.21354076242603,0.001,0.5,,,,,,
55,ElasticNet,plus_1,10.662405147000351,4.154043229992102,5.08341363980433,16.781640384563158,10.784828089754155,9.999738473879761,0.001,0.8,,,,,,
11,ElasticNet,variance,10.681975495282884,3.070389680717618,5.991282097254063,14.061671084273952,12.646074168566296,10.028874631037223,0.1,0.2,,,,,,
23,ElasticNet,early,10.681975495282884,3.070389680717618,5.991282097254063,14.061671084273952,12.646074168566296,10.028874631037223,0.1,0.2,,,,,,
35,ElasticNet,early_ir,10.681975495282884,3.070389680717618,5.991282097254063,14.061671084273952,12.646074168566296,10.028874631037223,0.1,0.2,,,,,,
47,ElasticNet,early_temperature,10.681975495282884,3.070389680717618,5.991282097254063,14.061671084273952,12.646074168566296,10.028874631037223,0.1,0.2,,,,,,
59,ElasticNet,plus_1,10.681975495282884,3.070389680717618,5.991282097254063,14.061671084273952,12.646074168566296,10.028874631037223,0.1,0.2,,,,,,
71,ElasticNet,plus_2,10.681975495282884,3.070389680717618,5.991282097254063,14.061671084273952,12.646074168566296,10.028874631037223,0.1,0.2,,,,,,
83,ElasticNet,plus_3,10.681975495282884,3.070389680717618,5.991282097254063,14.061671084273952,12.646074168566296,10.028874631037223,0.1,0.2,,,,,,
95,ElasticNet,plus_4,10.681975495282884,3.070389680717618,5.991282097254063,14.061671084273952,12.646074168566296,10.028874631037223,0.1,0.2,,,,,,
107,ElasticNet,plus_1_3,10.681975495282884,3.070389680717618,5.991282097254063,14.061671084273952,12.646074168566296,10.028874631037223,0.1,0.2,,,,,,
119,ElasticNet,plus_1_4,10.681975495282884,3.070389680717618,5.991282097254063,14.061671084273952,12.646074168566296,10.028874631037223,0.1,0.2,,,,,,
131,ElasticNet,plus_2_3,10.681975495282884,3.070389680717618,5.991282097254063,14.061671084273952,12.646074168566296,10.028874631037223,0.1,0.2,,,,,,
143,ElasticNet,plus_2_4,10.681975495282884,3.070389680717618,5.991282097254063,14.061671084273952,12.646074168566296,10.028874631037223,0.1,0.2,,,,,,
155,ElasticNet,plus_3_4,10.681975495282884,3.070389680717618,5.991282097254063,14.061671084273952,12.646074168566296,10.028874631037223,0.1,0.2,,,,,,
167,ElasticNet,plus_1_3_4,10.681975495282884,3.070389680717618,5.991282097254063,14.061671084273952,12.646074168566296,10.028874631037223,0.1,0.2,,,,,,
179,ElasticNet,plus_2_3_4,10.681975495282884,3.070389680717618,5.991282097254063,14.061671084273952,12.646074168566296,10.028874631037223,0.1,0.2,,,,,,
191,ElasticNet,full,10.681975495282884,3.070389680717618,5.991282097254063,14.061671084273952,12.646074168566296,10.028874631037223,0.1,0.2,,,,,,
112,Ridge,plus_1_4,10.691169184462915,2.0679224206758087,7.380833233763617,12.665967781057038,12.182111274602722,10.535764448428282,10.0,,,,,,,
17,ElasticNet,early,10.731146147934197,3.980093086480187,5.470177619548474,16.68168917638507,10.527877840996085,10.244839954807158,0.001,0.2,,,,,,
14,Ridge,early,10.745722962882104,3.9838747107810293,5.489667489246459,16.711175452090707,10.492676407881287,10.289372502309968,0.1,,,,,,,
189,ElasticNet,full,10.75178156787877,4.490040898292223,4.213437223030347,12.370344449111027,16.61535058032403,9.807994019049675,0.01,0.5,,,,,,
128,ElasticNet,plus_2_3,10.771458578214004,4.803814036244566,4.222241508253041,11.067253740328146,17.75654583526764,10.03979322900719,0.01,0.2,,,,,,
80,ElasticNet,plus_3,10.773231160076245,4.7635618545055065,4.379693767214713,11.166878401119796,17.756545833798043,9.78980663817243,0.01,0.2,,,,,,
64,Ridge,plus_2,10.77848352101664,2.6028590082461913,6.414933999798694,13.293023407843712,11.818328024861081,11.587648651563066,10.0,,,,,,,
54,ElasticNet,plus_1,10.805152798668185,4.189631420372633,5.325177257970457,17.095452352414338,10.777967543233617,10.022014041054332,0.001,0.5,,,,,,
115,ElasticNet,plus_1_4,10.846362818610395,3.7175955804639687,6.203827957055241,16.56447959292875,10.784828089754155,9.832315634703432,0.001,0.8,,,,,,
33,ElasticNet,early_ir,10.855768880920412,4.605396710582308,4.057594640998126,12.942136283309816,16.61535058032403,9.807994019049675,0.01,0.5,,,,,,
123,Ridge,plus_2_3,10.873284049249818,4.978883173273027,3.9853828366957833,11.133185016557064,18.039633154000793,10.334935189745634,1.0,,,,,,,
52,Ridge,plus_1,10.873732714608131,2.265474578177953,7.3652318540207045,12.961349646181155,12.778394496796212,10.389954861434452,10.0,,,,,,,
75,Ridge,plus_3,10.883572999197893,5.03708366632667,4.1559413198187,11.27482876448216,18.294396251476606,9.809125661014107,1.0,,,,,,,
16,Ridge,early,10.898494712812226,2.2537728776437307,7.052970925568661,12.568321272566447,12.41922066786786,11.553465985245936,10.0,,,,,,,
171,Ridge,plus_2_3_4,10.900820687852349,4.655224057258167,4.630305258462519,11.31567417435679,17.704770112912126,9.952533205677955,1.0,,,,,,,
79,ElasticNet,plus_3,10.901691813943179,4.8335134047344255,4.605007215310185,10.97009043123676,18.163286968098642,9.868382641127125,0.001,0.8,,,,,,
127,ElasticNet,plus_2_3,10.904650826700792,4.861837969309003,4.4856334337215475,10.87587277436625,18.16328696958321,10.09381012913216,0.001,0.8,,,,,,
78,ElasticNet,plus_3,10.928744542174314,4.855706518764351,4.638032657089454,10.940862894263342,18.25301275024675,9.883069867097708,0.001,0.5,,,,,,
176,ElasticNet,plus_2_3_4,10.932288495424046,4.587205544321917,4.865833424278369,11.217723271394417,17.73280956724543,9.912787718777968,0.01,0.2,,,,,,
126,ElasticNet,plus_2_3,10.94533112861578,4.911448073353105,4.503455617425405,10.845935976771038,18.31398660817735,10.117946312089334,0.001,0.5,,,,,,
114,ElasticNet,plus_1_4,10.947007522988926,3.8016171730334585,6.3150695386485545,16.86893469357253,10.777967531918765,9.826058327815861,0.001,0.5,,,,,,
53,ElasticNet,plus_1,10.947932934507886,4.230809331485891,5.565020181986194,17.41132324155367,10.771088269858508,10.044300044633168,0.001,0.2,,,,,,
77,ElasticNet,plus_3,10.95759080783657,4.874307647470455,4.680408166409155,10.91171521893138,18.340484690064134,9.897755155941613,0.001,0.2,,,,,,
74,Ridge,plus_3,10.963529247015295,4.905339590533619,4.641389292319663,10.923811061767875,18.389559926868973,9.899356707104676,0.1,,,,,,,
50,Ridge,plus_1,10.97702755409706,4.244798222389526,5.5747210559508,17.460372791352206,10.804097936933614,10.06891843215162,0.1,,,,,,,
105,ElasticNet,plus_1_3,10.99066665243283,4.690399650871576,4.057594640998126,13.57344813464423,16.615350581465165,9.7162732526238,0.01,0.5,,,,,,
125,ElasticNet,plus_2_3,11.015735451939788,5.001598692562492,4.527943347995104,10.816124858104892,18.576781328577958,10.142092273081195,0.001,0.2,,,,,,
122,Ridge,plus_2_3,11.033839346926428,5.065424391880121,4.451727983250041,10.824267456573944,18.6842377068347,10.175124241047023,0.1,,,,,,,
152,ElasticNet,plus_3_4,11.03552409615307,4.427428954365038,5.405643572668472,11.304830380511985,17.732809467750894,9.698812963680929,0.01,0.2,,,,,,
184,Ridge,full,11.035705565204662,2.520690637089333,6.899636356271725,12.443380737406544,13.541138810275202,11.258666356865179,10.0,,,,,,,
165,ElasticNet,plus_1_3_4,11.066300170238268,4.516276744014077,4.485907359427229,13.447669487436878,16.615350581465165,9.7162732526238,0.01,0.5,,,,,,
113,ElasticNet,plus_1_4,11.084970313386895,3.848781220596962,6.560637400590286,17.17526146530499,10.78423610660212,9.81974628105018,0.001,0.2,,,,,,
175,ElasticNet,plus_2_3_4,11.089618025768825,4.573851466683869,5.336073969371872,11.06046926370924,18.09536487622787,9.866563993766317,0.001,0.8,,,,,,
147,Ridge,plus_3_4,11.101944829006413,4.641943630749514,5.336463530026191,11.455213533182842,18.177202457748663,9.438899795067957,1.0,,,,,,,
110,Ridge,plus_1_4,11.113819931730141,3.854557482269833,6.592207470827679,17.215202861586018,10.829287675811825,9.818581718695045,0.1,,,,,,,
174,ElasticNet,plus_2_3_4,11.128389670258507,4.583387380948794,5.399574555987738,11.082279532521001,18.171175986658003,9.860528605867287,0.001,0.5,,,,,,
173,ElasticNet,plus_2_3_4,11.190842526783864,4.619113317085245,5.46302679352438,11.131285565679578,18.314574375303323,9.854483372628183,0.001,0.2,,,,,,
151,ElasticNet,plus_3_4,11.199153969178292,4.40693612174238,5.943021068725538,11.138970034371447,18.09536479356335,9.619259980052837,0.001,0.8,,,,,,
170,Ridge,plus_2_3_4,11.21287487830804,4.668264216304077,5.415836190975567,11.170056139846828,18.40546697657172,9.860140205838045,0.1,,,,,,,
150,ElasticNet,plus_3_4,11.229126660625196,4.41180336847378,6.035582506982349,11.117255902343715,18.17117591994575,9.592492313228968,0.001,0.5,,,,,,
149,ElasticNet,plus_3_4,11.258289051653055,4.41613099267292,6.128061539829662,11.09560849645849,18.243850976694883,9.565635193629188,0.001,0.2,,,,,,
146,Ridge,plus_3_4,11.262548832688458,4.4365214470623435,6.117968495167054,11.112023385206669,18.281740594323576,9.538462856056531,0.1,,,,,,,
28,Ridge,early_ir,11.296935474288855,2.535104399962751,7.115524145435461,12.783027698668011,13.73591852048787,11.553271532564077,10.0,,,,,,,
172,Ridge,plus_2_3_4,11.48647198339283,3.2991399902496465,6.235982987409316,13.402130453372047,14.98955733003278,11.318217162757179,10.0,,,,,,,
160,Ridge,plus_1_3_4,11.636506303119347,2.8284645741948404,7.618073542316372,13.290693967262648,15.090399226075837,10.546858476822527,10.0,,,,,,,
100,Ridge,plus_1_3,11.656466135999384,2.9764109154674694,7.4897355535614345,13.451739454815861,15.2957160066,10.38867352902024,10.0,,,,,,,
124,Ridge,plus_2_3,11.690977593285693,3.273579764151403,6.504150327585491,13.350903331425028,15.323552504379807,11.585304209752444,10.0,,,,,,,
148,Ridge,plus_3_4,11.79072985134912,4.193169701534342,6.007584861011708,13.977633708555496,17.169136648072904,10.008564187756374,10.0,,,,,,,
76,Ridge,plus_3,11.82655467879577,4.198506682163767,6.165827763392392,13.863644863406263,17.363349301251503,9.913396787132921,10.0,,,,,,,
194,SVR,variance,11.919034530059069,3.6264941962650816,5.869849125080755,13.601487497360019,12.751776359945918,15.453025137849583,,,1.0,scale,0.02,,,
207,RandomForest,full,11.99146059739908,3.9538788329689663,7.222410502519826,17.502912818401807,13.757676954133965,9.482842114540723,,,,,,2.0,5.0,
209,RandomForest,full,11.99146059739908,3.9538788329689663,7.222410502519826,17.502912818401807,13.757676954133965,9.482842114540723,,,,,,4.0,5.0,
201,SVR,full,12.229055075100314,3.368693354711959,9.929978038466636,17.47135863475932,8.721074133450736,12.793809493724567,,,1.0,0.1,0.02,,,
188,ElasticNet,full,12.657582390746796,5.6120837782402715,4.865833424278369,16.631528239923394,19.15944211630971,9.973525782475717,0.01,0.2,,,,,,
32,ElasticNet,early_ir,12.768770048812268,6.008060551796395,4.222241508253041,17.581171501549694,19.17526945994847,10.09639772549787,0.01,0.2,,,,,,
183,Ridge,full,12.867486936127419,5.838871369981658,4.6920305157508455,17.277379661069887,19.38679221210423,10.113745355584717,1.0,,,,,,,
104,ElasticNet,plus_1_3,12.883206687543451,6.069865953663673,4.379693767214713,18.052677460427248,19.17526896126698,9.925186561264868,0.01,0.2,,,,,,
208,RandomForest,full,12.988198106433082,4.69840122672753,7.701650048356525,20.256580649982638,13.664477195210226,10.33008453218294,,,,,,4.0,3.0,
164,ElasticNet,plus_1_3_4,13.053411780624458,5.681371986698563,5.405643572668472,17.833738669344434,19.15944220200378,9.814822678481143,0.01,0.2,,,,,,
206,RandomForest,full,13.055804671678937,4.68318061889796,7.895324486706737,20.34591713902231,13.67692454378407,10.30505251720263,,,,,,2.0,3.0,
27,Ridge,early_ir,13.16054512794793,6.347337901299278,4.025534516236162,18.429407556030213,19.701867947969884,10.48537049155546,1.0,,,,,,,
99,Ridge,plus_1_3,13.368363708691867,6.563544525554416,4.174243699627743,19.213465096080345,19.942640928403144,10.143105110656235,1.0,,,,,,,
159,Ridge,plus_1_3_4,13.422637695529449,6.196505369181246,5.151039814847505,19.02051972061885,19.772315301731453,9.746675944919987,1.0,,,,,,,
205,SVR,full,13.71581048478717,3.232026170558962,17.119398981667892,15.72058962214016,8.607962965159691,13.415290370180935,,,100.0,0.1,0.02,,,
187,ElasticNet,full,13.87161686160603,6.356556541747953,5.513605340646383,19.532029946144842,20.516079057175954,9.924753102456942,0.001,0.8,,,,,,
200,SVR,full,13.902604627876183,4.371267961795708,13.668515860786515,20.551528696642887,8.287502448453953,13.10287150562138,,,1.0,scale,0.02,,,
203,SVR,full,14.018446035759093,3.2463613256059864,17.119398981667892,15.72058962214016,8.607962965159691,14.625832574068626,,,10.0,0.1,0.02,,,
31,ElasticNet,early_ir,14.042165022040702,6.809834759199444,4.850988226101803,20.622679304355092,20.55838484494379,10.136607712762128,0.001,0.8,,,,,,
103,ElasticNet,plus_1_3,14.096377576738536,6.853880436086537,4.9733856376704955,20.875528773122273,20.55838492994659,9.978210966214789,0.001,0.8,,,,,,
186,ElasticNet,full,14.185933937304469,6.544432036702916,5.716133646093831,20.129044657158193,20.975045666840582,9.92351177912527,0.001,0.5,,,,,,
163,ElasticNet,plus_1_3_4,14.232211973309338,6.525493915426786,5.954358892185147,20.721492814802623,20.51607927167892,9.736916914570665,0.001,0.8,,,,,,
196,SVR,variance,14.32233652051887,2.25270094757226,15.051507211925239,12.139844287872656,12.408200797380816,17.68979378489677,,,10.0,scale,0.02,,,
30,ElasticNet,early_ir,14.381122558860271,6.989598963060423,5.089451530672604,21.269080117363572,21.0028476321257,10.163110955279208,0.001,0.5,,,,,,
102,ElasticNet,plus_1_3,14.4057102702924,7.020423424691863,5.19428334740443,21.47460240379609,20.955596589274318,9.998358740694758,0.001,0.5,,,,,,
182,Ridge,full,14.481825288838875,6.692122595027657,5.948740555740207,20.694779181161298,21.34417904891977,9.939602369534226,0.1,,,,,,,
185,ElasticNet,full,14.492687026312762,6.728021933809907,5.91693147244132,20.7328694250486,21.398687868639428,9.922259339121691,0.001,0.2,,,,,,
162,ElasticNet,plus_1_3_4,14.530168742729149,6.6909646727010905,6.195807450373958,21.30961500659083,20.895321794329476,9.719930719622335,0.001,0.5,,,,,,
211,Ridge,full,14.617951117650383,6.5680242022439845,6.253491565425079,17.87277546071823,23.45542407624464,10.890113368213585,1.0,,,,,,,raw
101,ElasticNet,plus_1_3,14.707378435472716,7.183601927512528,5.413359542876006,22.080861051870652,21.31677410565535,10.01851904148886,0.001,0.2,,,,,,
29,ElasticNet,early_ir,14.709866526883152,7.163971874915112,5.325957788630722,21.923738408954783,21.400139248086106,10.189630661860996,0.001,0.2,,,,,,
26,Ridge,early_ir,14.71872738408845,7.150232052575687,5.334173377229846,21.91389452217696,21.39312879199132,10.233712844955674,0.1,,,,,,,
98,Ridge,plus_1_3,14.728631741688607,7.198023605296523,5.408975900006876,22.15640111560244,21.306129610250157,10.04302034089496,0.1,,,,,,,
12,ElasticNet,variance,14.776205910756854,2.359695787831008,12.278990373687618,18.471117167283822,15.09031059471145,13.26440550734452,0.1,0.5,,,,,,
24,ElasticNet,early,14.776205910756854,2.359695787831008,12.278990373687618,18.471117167283822,15.09031059471145,13.26440550734452,0.1,0.5,,,,,,
36,ElasticNet,early_ir,14.776205910756854,2.359695787831008,12.278990373687618,18.471117167283822,15.09031059471145,13.26440550734452,0.1,0.5,,,,,,
48,ElasticNet,early_temperature,14.776205910756854,2.359695787831008,12.278990373687618,18.471117167283822,15.09031059471145,13.26440550734452,0.1,0.5,,,,,,
60,ElasticNet,plus_1,14.776205910756854,2.359695787831008,12.278990373687618,18.471117167283822,15.09031059471145,13.26440550734452,0.1,0.5,,,,,,
72,ElasticNet,plus_2,14.776205910756854,2.359695787831008,12.278990373687618,18.471117167283822,15.09031059471145,13.26440550734452,0.1,0.5,,,,,,
84,ElasticNet,plus_3,14.776205910756854,2.359695787831008,12.278990373687618,18.471117167283822,15.09031059471145,13.26440550734452,0.1,0.5,,,,,,
96,ElasticNet,plus_4,14.776205910756854,2.359695787831008,12.278990373687618,18.471117167283822,15.09031059471145,13.26440550734452,0.1,0.5,,,,,,
108,ElasticNet,plus_1_3,14.776205910756854,2.359695787831008,12.278990373687618,18.471117167283822,15.09031059471145,13.26440550734452,0.1,0.5,,,,,,
120,ElasticNet,plus_1_4,14.776205910756854,2.359695787831008,12.278990373687618,18.471117167283822,15.09031059471145,13.26440550734452,0.1,0.5,,,,,,
132,ElasticNet,plus_2_3,14.776205910756854,2.359695787831008,12.278990373687618,18.471117167283822,15.09031059471145,13.26440550734452,0.1,0.5,,,,,,
144,ElasticNet,plus_2_4,14.776205910756854,2.359695787831008,12.278990373687618,18.471117167283822,15.09031059471145,13.26440550734452,0.1,0.5,,,,,,
156,ElasticNet,plus_3_4,14.776205910756854,2.359695787831008,12.278990373687618,18.471117167283822,15.09031059471145,13.26440550734452,0.1,0.5,,,,,,
168,ElasticNet,plus_1_3_4,14.776205910756854,2.359695787831008,12.278990373687618,18.471117167283822,15.09031059471145,13.26440550734452,0.1,0.5,,,,,,
180,ElasticNet,plus_2_3_4,14.776205910756854,2.359695787831008,12.278990373687618,18.471117167283822,15.09031059471145,13.26440550734452,0.1,0.5,,,,,,
192,ElasticNet,full,14.776205910756854,2.359695787831008,12.278990373687618,18.471117167283822,15.09031059471145,13.26440550734452,0.1,0.5,,,,,,
161,ElasticNet,plus_1_3_4,14.820235275332603,6.853239207862978,6.435469143496765,21.90452074299653,21.238080045522967,9.702871169314152,0.001,0.2,,,,,,
158,Ridge,plus_1_3_4,14.828948466345672,6.854081592619981,6.457272200300087,21.979873621677463,21.181620043129268,9.697028000275868,0.1,,,,,,,
202,SVR,full,15.22828175489958,4.465197348544614,16.961461963307,20.57197858732697,8.287502448453953,15.092184020510402,,,10.0,scale,0.02,,,
204,SVR,full,15.22828175489958,4.465197348544614,16.961461963307,20.57197858732697,8.287502448453953,15.092184020510402,,,100.0,scale,0.02,,,
13,ElasticNet,variance,18.096473426256967,2.3673822381605043,18.03994639177457,21.936659226464904,16.70948834253971,15.699799744248685,0.1,0.8,,,,,,
25,ElasticNet,early,18.096473426256967,2.3673822381605043,18.03994639177457,21.936659226464904,16.70948834253971,15.699799744248685,0.1,0.8,,,,,,
37,ElasticNet,early_ir,18.096473426256967,2.3673822381605043,18.03994639177457,21.936659226464904,16.70948834253971,15.699799744248685,0.1,0.8,,,,,,
49,ElasticNet,early_temperature,18.096473426256967,2.3673822381605043,18.03994639177457,21.936659226464904,16.70948834253971,15.699799744248685,0.1,0.8,,,,,,
61,ElasticNet,plus_1,18.096473426256967,2.3673822381605043,18.03994639177457,21.936659226464904,16.70948834253971,15.699799744248685,0.1,0.8,,,,,,
73,ElasticNet,plus_2,18.096473426256967,2.3673822381605043,18.03994639177457,21.936659226464904,16.70948834253971,15.699799744248685,0.1,0.8,,,,,,
85,ElasticNet,plus_3,18.096473426256967,2.3673822381605043,18.03994639177457,21.936659226464904,16.70948834253971,15.699799744248685,0.1,0.8,,,,,,
97,ElasticNet,plus_4,18.096473426256967,2.3673822381605043,18.03994639177457,21.936659226464904,16.70948834253971,15.699799744248685,0.1,0.8,,,,,,
109,ElasticNet,plus_1_3,18.096473426256967,2.3673822381605043,18.03994639177457,21.936659226464904,16.70948834253971,15.699799744248685,0.1,0.8,,,,,,
121,ElasticNet,plus_1_4,18.096473426256967,2.3673822381605043,18.03994639177457,21.936659226464904,16.70948834253971,15.699799744248685,0.1,0.8,,,,,,
133,ElasticNet,plus_2_3,18.096473426256967,2.3673822381605043,18.03994639177457,21.936659226464904,16.70948834253971,15.699799744248685,0.1,0.8,,,,,,
145,ElasticNet,plus_2_4,18.096473426256967,2.3673822381605043,18.03994639177457,21.936659226464904,16.70948834253971,15.699799744248685,0.1,0.8,,,,,,
157,ElasticNet,plus_3_4,18.096473426256967,2.3673822381605043,18.03994639177457,21.936659226464904,16.70948834253971,15.699799744248685,0.1,0.8,,,,,,
169,ElasticNet,plus_1_3_4,18.096473426256967,2.3673822381605043,18.03994639177457,21.936659226464904,16.70948834253971,15.699799744248685,0.1,0.8,,,,,,
181,ElasticNet,plus_2_3_4,18.096473426256967,2.3673822381605043,18.03994639177457,21.936659226464904,16.70948834253971,15.699799744248685,0.1,0.8,,,,,,
193,ElasticNet,full,18.096473426256967,2.3673822381605043,18.03994639177457,21.936659226464904,16.70948834253971,15.699799744248685,0.1,0.8,,,,,,
198,SVR,variance,19.78921731827814,5.014068417527583,18.657097033548354,27.523937996529835,13.516489678801195,19.45934456423317,,,100.0,scale,0.02,,,
0,Median,variance,19.88337849442657,5.397859014962822,17.154516461193943,29.151857844217975,17.565628921555124,15.66151075073923,,,,,,,,
