batch,cell_id,cycle_life,early_slope_ah_per100,middle_slope_ah_per100,late_slope_ah_per100,late_faster_than_middle,knee_candidate_cycle,knee_fraction_of_life,sse,sse_improvement,shape_ok,search_boundary
1,5,1074.0,-0.0034769522030140224,-0.008565537116735985,-0.040675630021554714,True,858.8000000000001,0.7996275605214154,0.041389149172237225,0.9168166919503343,True,True
1,6,636.0,-0.005680584918434989,-0.01160245581941955,-0.07288221666878689,True,508.40000000000003,0.79937106918239,0.012031343799034073,0.9589034848608972,True,True
1,7,870.0,-0.004155776046016537,-0.009424417109135608,-0.06033329240218119,True,649.506329113924,0.7465589989815219,0.021357058537529783,0.9606028498642284,True,False
1,9,1054.0,-0.0029315187368190838,-0.00808466476484346,-0.04591864793234549,True,802.8886075949367,0.7617538971488963,0.023324404072651114,0.9586242169460197,True,False
1,11,788.0,-0.0026956454386807245,-0.007513183787608786,-0.058488338081431064,True,600.1898734177215,0.7616622759108141,0.009768194317545206,0.9742527325284415,True,False
1,14,880.0,-0.002753058853444761,-0.00830577116910931,-0.05758251977556649,True,663.6354430379747,0.7541311852704258,0.00855757299392806,0.9829637964356936,True,False
1,15,719.0,-0.0020783558594984876,-0.007661674791673937,-0.06834887521184203,True,558.4860759493672,0.7767539303885497,0.008789597296434288,0.9778184587695326,True,False
1,16,862.0,-0.0027541025031883166,-0.007272184575373217,-0.061535475421935854,True,676.1518987341773,0.7843989544480015,0.014106506453121137,0.9757262345742641,True,False
1,17,857.0,-0.0023488933268361947,-0.007620386466017175,-0.05920782132374662,True,659.2556962025317,0.7692598555455445,0.013547271655484272,0.973973666311507,True,False
1,18,691.0,-0.010598892705361216,-0.010728064263088137,-0.06055695340801208,True,552.4,0.7994211287988422,0.00687663172139612,0.9703806974187827,True,True
1,19,788.0,-0.005272413979931491,-0.010396533925444477,-0.0651522362795759,True,582.3037974683543,0.7389642099852213,0.008047640262383348,0.9812711403550562,True,False
1,20,534.0,-0.01990285092882675,-0.029403517758522436,-0.057274231103625825,True,426.8,0.799250936329588,0.00183308769105272,0.9490330644548216,True,True
1,21,559.0,-0.01332275427644292,-0.022432859330578953,-0.06804771610292373,True,446.8,0.7992844364937388,0.006583029178055807,0.9403858952354747,True,True
1,23,1014.0,-0.003029374230255153,-0.00834170830710022,-0.04714670651331962,True,780.0860759493671,0.7693156567548,0.020623883367323265,0.9613915562967631,True,False
1,24,1017.0,-0.0032667466078613633,-0.008215790710209763,-0.04594517131579026,True,759.2911392405065,0.7465989569719828,0.015912205802476414,0.9675434530755397,True,False
1,25,854.0,-0.0036421207699982587,-0.0090238403764602,-0.057124336037687934,True,618.167088607595,0.7238490498917974,0.010009470358187299,0.9775444015858651,True,False
1,26,870.0,-0.0037647032175952048,-0.008971624756393315,-0.05923531688760897,True,656.0911392405063,0.7541277462534556,0.017467826900904614,0.9667668455855225,True,False
1,27,842.0,-0.0035627622300214534,-0.008529007437230547,-0.05816027289743131,True,641.3392405063291,0.7616855587961153,0.015510541710250632,0.9660311992904028,True,False
1,28,860.0,-0.0034989869488665916,-0.009148367188652343,-0.05952536046777351,True,635.5291139240506,0.7389873417721519,0.009077329417341696,0.981661775585037,True,False
1,29,917.0,-0.003934436676310031,-0.009063515361450903,-0.05439436853905501,True,684.6075949367089,0.7465731678699116,0.011833468786230369,0.9761879375183717,True,False
1,30,709.0,-0.004207401178634698,-0.008276754130951232,-0.07313128369722507,True,556.0759493670886,0.7843102247772759,0.010229562371931223,0.9763707068741799,True,False
1,31,876.0,-0.004614890503484583,-0.00841603736078601,-0.06166532955397148,True,673.8784810126583,0.7692676723888794,0.013396312624660041,0.9770687910639467,True,False
1,32,731.0,-0.0038329383836713964,-0.009773048392519497,-0.07073168818170107,True,551.2253164556961,0.7540702003497894,0.009842249427666358,0.9767114442922777,True,False
1,33,757.0,-0.0045322667283054984,-0.010461244742933043,-0.07154462993386894,True,565.1139240506329,0.7465177332240858,0.015672586382046848,0.9678286387575381,True,False
1,34,742.0,-0.0030980612033622364,-0.0075719934747078685,-0.06811664713143101,True,587.587341772152,0.7918966870244636,0.013282107229394362,0.9702913523950694,True,False
1,35,703.0,-0.0024786608973774507,-0.008646526498635704,-0.07188177651683843,True,530.1012658227849,0.754055854655455,0.011585033920113563,0.9713331687922678,True,False
1,36,704.0,-0.003598932620600994,-0.009320940366059346,-0.07431320578474278,True,530.8556962025317,0.7540563866513235,0.009364815429317776,0.9777409820566458,True,False
1,37,648.0,-0.004034055132941796,-0.010229331775701053,-0.07676072277414595,True,488.6075949367089,0.7540240662603532,0.008040689685765658,0.9762947537138729,True,False
1,38,617.0,-0.002891232800768976,-0.01065220838266625,-0.0831809383474252,True,479.2101265822786,0.7766776767946169,0.008356216043682797,0.9762363725874752,True,False
1,39,625.0,-0.003166197539112002,-0.010687384444913395,-0.08758370048486985,True,475.97974683544305,0.7615675949367089,0.008593356487045043,0.9787492751228891,True,False
1,40,966.0,-0.003669230796859881,-0.009649183788529666,-0.0495098942915046,True,699.260759493671,0.7238724218360983,0.023919547811079585,0.9524437733325457,True,False
1,41,1051.0,-0.0035831701096101357,-0.008095119985320426,-0.045953143256539646,True,808.5620253164558,0.7693263799395393,0.015070680559311257,0.9722714849183445,True,False
1,42,702.0,-0.0031355950429372615,-0.010771498512463938,-0.07515843329844585,True,502.8025316455697,0.7162429225720366,0.007839825271649037,0.9813259540262785,True,False
1,43,651.0,-0.004444533966825436,-0.009523639564653005,-0.07624031034235713,True,490.87088607594933,0.7540259386727333,0.005499219015528265,0.9839059618098663,True,False
1,44,616.0,-0.00454142251814295,-0.014071886438006694,-0.08522928841219644,True,436.53164556962025,0.708655268781851,0.007953522005249753,0.9769177749871933,True,False
1,45,599.0,-0.0036502972437946666,-0.013004839728947726,-0.09021186218669097,True,433.53417721518986,0.72376323408212,0.007827829491919519,0.9780657849685841,True,False
2,0,477.0,0.0017336009403465058,-0.02406215881708653,-0.15128251690486968,True,389.6962025316456,0.8169731709258817,0.030587389498417793,0.9495971788573464,True,False
2,1,491.0,-0.00721909638322871,-0.034278121604044906,-0.12341485160918711,True,399.1569620253165,0.8129469695016629,0.036203935002204826,0.9054556600519893,True,False
2,2,424.0,-0.000569842942940087,-0.02407388981327052,-0.13483734096382052,True,351.6,0.829245283018868,0.03702760572541938,0.8955192694571191,True,True
2,3,499.0,0.0007087446789443433,-0.028917402947481397,-0.12613279525403087,True,406.17721518987344,0.8139823951700871,0.024485573695339647,0.9430022243781888,True,False
2,4,444.0,-0.00872793339740694,-0.03260491019164286,-0.1285269122844897,True,357.8481012658228,0.8059641920401414,0.029850296400935634,0.90150610543944,True,False
2,5,416.0,-0.020779696117154307,-0.04640114810262962,-0.12001519826051212,True,330.4354430379747,0.7943159688412854,0.017784212814334684,0.8871411379485843,True,False
2,6,393.0,-0.0008946174562283716,-0.03039071563856703,-0.15373232285196306,True,313.1949367088608,0.79693368119303,0.024061646938633968,0.9150710951044357,True,False
2,7,777.0,-0.0011225120273907925,-0.013452156626333218,-0.07636833486964184,True,639.093670886076,0.8225143769447567,0.04261120555182804,0.9390112099266821,True,False
2,8,904.0,0.0019953991803053116,-0.006850493701600583,-0.07938527170904142,True,722.1139240506329,0.7987985885515851,0.041136350724643736,0.9716122870020205,True,False
2,9,791.0,0.0008794129206992064,-0.00832859627430318,-0.08460324334537296,True,649.3949367088608,0.820979692425867,0.06055433007221841,0.9428342881528368,True,False
2,10,492.0,0.007020169664999751,-0.024993755633538953,-0.14622807883197142,True,380.2607594936709,0.7728877225481116,0.025216478692505904,0.9576677762715439,True,False
2,11,449.0,0.01236793478844944,-0.014841098031001334,-0.1710897800129601,True,360.8860759493671,0.8037551802881228,0.02168883500065178,0.967413963199189,True,False
2,12,466.0,0.0015937384408204365,-0.034084837430114215,-0.13413430672126,True,361.23797468354434,0.7751887868745586,0.02061992750715433,0.9411563258767672,True,False
2,13,460.0,-0.00023011145617675397,-0.02297717400093818,-0.14240614685127675,True,365.01772151898734,0.7935167859108421,0.019926240308406465,0.9547500265738265,True,False
2,14,426.0,-0.009006308250573173,-0.029963555613632707,-0.13729705900917552,True,345.346835443038,0.8106733226362395,0.007534496328539341,0.9740382402319223,True,False
2,15,396.0,0.003781199778989636,-0.029160190602423138,-0.14194322753996122,True,325.7367088607595,0.8225674466180796,0.015840593049407,0.9335759766944145,True,False
2,16,472.0,-0.004921316066662061,-0.03237620044467476,-0.13061277666703844,True,384.50126582278483,0.8146213258957306,0.026591131951880453,0.93073170885229,True,False
2,17,471.0,-0.005969650116305316,-0.032586364139675895,-0.11821406575481533,True,373.1797468354431,0.7923136875487115,0.02832599302628287,0.9022301692682543,True,False
2,18,449.0,0.0008724519029362409,-0.020383383487480276,-0.13460488781432237,True,374.0,0.8329621380846325,0.024717067369760714,0.9382224813961544,True,True
2,19,392.0,-0.002472381176844243,-0.02018636558370278,-0.17079526564396016,True,320.4962025316456,0.8175923533970552,0.02542558976758899,0.938226299207231,True,False
2,20,489.0,0.007609441261180514,-0.00852229903675323,-0.15588768475958417,True,401.3721518987342,0.8208019466231784,0.02869637552579626,0.9640761649166781,True,False
2,21,408.0,-0.0007455195676366829,-0.022332714071664123,-0.1682583578923324,True,322.88101265822786,0.7913750310250682,0.02714019554042958,0.9379874504314627,True,False
2,24,514.0,0.005014912668935816,-0.018471525179029315,-0.13212154178226912,True,408.9215189873418,0.7955671575629218,0.02581415660483348,0.9553497072307019,True,False
2,25,493.0,0.006437397219118516,-0.010828231447047743,-0.15273343688179739,True,405.3341772151899,0.8221788584486611,0.028249037826449126,0.9628577595225475,True,False
2,26,450.0,-0.0019754863172177064,-0.03304353907073601,-0.1427073951964413,True,370.52151898734184,0.8233811533052041,0.017538787186293245,0.9525378840841279,True,False
2,27,474.0,0.009043314937494554,-0.013186538748248858,-0.1591569066695685,True,383.6126582278481,0.8093094055439833,0.02312758443386434,0.9670189893530047,True,False
2,28,437.0,0.0036799921575461103,-0.029093084803067434,-0.14501384803409004,True,351.77215189873425,0.8049705993106047,0.01949483034135641,0.9449620855824766,True,False
2,29,452.0,0.01011158742551862,-0.015348746329281984,-0.17175748015988726,True,362.4050632911393,0.8017811134759719,0.024962693003476557,0.9632277271608637,True,False
2,30,412.0,-0.006479587765521005,-0.021094725172939015,-0.14441830187711344,True,343.6,0.8339805825242719,0.023031302400942307,0.9259130347869264,True,True
2,31,425.0,-0.00015500964325446495,-0.03317950084586731,-0.14355121499365134,True,357.20000000000005,0.8404705882352942,0.018573679139905454,0.9393203756245242,True,True
2,32,809.0,-0.002556950172015894,-0.012719370495128106,-0.06985573893166834,True,661.281012658228,0.8174054544601087,0.054016249601546586,0.9192267083507303,True,False
2,33,1140.0,-0.0036828749249983765,-0.00624902045741988,-0.05070760680434464,True,925.3316455696203,0.8116944259382634,0.019840951823586753,0.9809105439983526,True,False
2,34,1186.0,-0.004214502736235818,-0.006695453001419065,-0.047269864159151194,True,964.0253164556963,0.8128375349542127,0.01939893056819647,0.9810088590518253,True,False
2,41,442.0,0.0024028084970055723,-0.028637736251098708,-0.15273583395516557,True,357.0886075949367,0.8078927773641102,0.021312297513532707,0.9493260844990937,True,False
2,42,474.0,0.009747259370074526,-0.019644705153207164,-0.15821494019321694,True,364.1645569620253,0.7682796560380281,0.024978631900011268,0.9617941412377439,True,False
2,43,1029.0,1.2175683223370796e-06,-0.007374269002322099,-0.0645570212599165,True,841.1569620253167,0.8174508863219793,0.06336313281172268,0.9532281370432057,True,False
2,44,841.0,0.0010023906179236184,-0.006673659482150156,-0.08734905397737516,True,699.6,0.8318668252080856,0.040360190880731665,0.9718357622182602,True,True
2,45,997.0,0.0011395067820964186,-0.008422202428388256,-0.06737298354420367,True,783.0759493670886,0.7854322461054049,0.07640283858774079,0.9435547259587588,True,False
2,46,503.0,-0.00045460784190907777,-0.028200360853099304,-0.13007538248697292,True,406.9291139240506,0.8090042026323074,0.02529079969090494,0.9473431594183321,True,False
3,0,1009.0,-0.003364026573364799,-0.006398356086334689,-0.04157002771586113,True,806.8000000000001,0.7996035678889991,0.0282937116723237,0.9361793866820078,True,True
3,1,1063.0,-0.0038356721955588218,-0.0059588749252499455,-0.04182756582199301,True,850.0,0.7996237064910631,0.015057594951270011,0.970199396801698,True,True
3,2,1267.0,-0.004052031710385744,-0.005481391097380679,-0.03537577804199237,True,994.0000000000002,0.7845303867403317,0.007473279170614218,0.9867875093486919,True,False
3,3,1115.0,-0.0035819032469560494,-0.005892678721239328,-0.039121745498041274,True,891.6,0.7996412556053812,0.015880397679388793,0.968597655715668,True,True
3,4,1048.0,-0.003525728524849167,-0.006914161551565999,-0.0447666567897018,True,822.126582278481,0.7844719296550391,0.019264661313875647,0.9638285642805642,True,False
3,5,828.0,-0.004179371581893607,-0.008541515870863632,-0.04445083687047836,True,662.0,0.7995169082125604,0.0177970031662196,0.9289399345509444,True,True
3,6,667.0,-0.020791416907644807,-0.020945584867755523,-0.038740870651630815,True,467.640506329114,0.7011102043914752,0.0012104678281108507,0.9535797657080313,False,False
3,7,1836.0,-0.002611709068870864,-0.004672118808662075,-0.02340212324931099,True,1426.6354430379752,0.7770345550315769,0.02139821409457751,0.970983152596377,True,False
3,8,828.0,-0.00318435907215582,-0.007720737780214185,-0.050312527013313006,True,662.0,0.7995169082125604,0.0224512048679987,0.9367050091464457,True,True
3,9,1039.0,-0.0020108353350771937,-0.0059383935574555706,-0.043911039508717616,True,830.8000000000001,0.7996150144369587,0.028075419063646977,0.9496781611684214,True,True
3,10,1078.0,-0.003092444064051434,-0.0059312948585856454,-0.04212230775664868,True,862.0,0.7996289424860853,0.013894386301392584,0.9744080153366522,True,True
3,11,817.0,-0.0042360423310679775,-0.009824582658032478,-0.05202708899411304,True,653.2,0.7995104039167688,0.017463668906213113,0.9459304916546928,True,True
3,12,932.0,-0.0022021452896860035,-0.006970719679201785,-0.049693111729738365,True,745.2,0.7995708154506438,0.027522825503997574,0.9455718462839526,True,True
3,13,816.0,-0.00427115897306048,-0.010193976014760178,-0.05076385733785432,True,640.0506329113925,0.7843757756267066,0.017346457807226122,0.9415840526958781,True,False
3,14,858.0,-0.0026550291591289207,-0.008453835568434402,-0.05244647002240364,True,679.506329113924,0.791965418547697,0.024374403084139303,0.9406166729875616,True,False
3,15,876.0,-0.0036405887245620663,-0.009482611135189525,-0.04821156673894907,True,687.1392405063292,0.7844055256921566,0.02166056272669383,0.9368950177404779,True,False
3,16,1638.0,-0.0034680508871861647,-0.004908284322868129,-0.025629405772165915,True,1297.5822784810127,0.7921747731874315,0.00885399349684849,0.9857069896822831,True,False
3,17,1315.0,-0.003651701618311282,-0.005636350725538699,-0.03422909564327679,True,1031.6708860759493,0.7845405977763873,0.00756728242957234,0.9870500077435933,True,False
3,18,1146.0,-0.004326399927964715,-0.006493222349273133,-0.039919369960661664,True,907.7189873417722,0.7920759051847924,0.010037864279496605,0.9812727445510104,True,False
3,19,1155.0,-0.004282754705884606,-0.006443951329431086,-0.0409380741142924,True,906.1012658227849,0.7845032604526275,0.007176866157187655,0.9874487678788147,True,False
3,20,813.0,-0.0030865486586463503,-0.007250803629374619,-0.05296836216687152,True,650.0,0.7995079950799509,0.023583083985388883,0.9385023772250316,True,True
3,21,772.0,-0.015852683891729117,-0.014657872146443611,-0.03832211379555583,True,599.6784810126583,0.7767855971666557,0.0059893491756020135,0.9227334469842713,True,False
3,22,1002.0,-0.003039956375104554,-0.005605157812021701,-0.035141231161074336,True,801.2,0.7996007984031936,0.04209639972921392,0.877601429189063,True,True
3,24,825.0,-0.002888991749856309,-0.007304623373706689,-0.04410998305876913,True,659.6,0.7995151515151515,0.02014940548977507,0.9228224418128432,True,True
3,25,989.0,-0.002894423169720573,-0.006347817093389237,-0.041798859838993396,True,790.8000000000001,0.7995955510616786,0.02246111556862088,0.9465894721490983,True,True
3,26,1028.0,-0.003320172357700495,-0.006935271376118105,-0.046392193412341645,True,798.6455696202531,0.7768925774516081,0.014338693611993953,0.9732196678340902,True,False
3,27,850.0,-0.003647301568980786,-0.00798861583468032,-0.05061689882736775,True,679.6,0.7995294117647059,0.015324534323636367,0.9576484483374579,True,True
3,28,541.0,-0.022106894194265387,-0.02474040565773233,-0.047415985637416946,True,387.45316455696207,0.7161796017688763,0.0014970276837227127,0.9350392832484283,True,False
3,29,858.0,-0.003842687637047669,-0.00945340254630454,-0.05006040932725797,True,679.506329113924,0.791965418547697,0.018258570870250235,0.9472856589726945,True,False
3,30,935.0,-0.0031057501855058416,-0.0059323048199596785,-0.04669950530586516,True,747.6,0.799572192513369,0.025236534566960248,0.9438085967550436,True,True
3,31,731.0,-0.003054554929992424,-0.008057388322703899,-0.061278046590260905,True,584.4,0.7994528043775649,0.01828844579627847,0.9488369068512488,True,True
3,33,1284.0,-0.003749367077291356,-0.005308294518142942,-0.03014783602975851,True,1026.8,0.7996884735202492,0.03090527488818885,0.9346358280220468,True,True
3,34,1158.0,-0.004182816587881261,-0.006281910150730023,-0.03796265544776951,True,926.0,0.7996545768566494,0.004896991944411784,0.9901454043069797,True,True
3,35,1093.0,-0.003848188588497053,-0.0068217328904145195,-0.04011365637587819,True,857.4430379746835,0.7844858535907443,0.013030067948369268,0.9719398125199914,True,False
3,36,923.0,-0.004314609406688511,-0.007110590773472548,-0.037488207258858465,True,738.0,0.7995666305525461,0.034223576965957375,0.8761944464977651,True,True
3,37,1390.0,-0.003566597094534072,-0.005528595676658354,-0.022993054797273205,True,1111.6000000000001,0.7997122302158275,0.04091537431279092,0.8816632297939616,True,True
3,38,1935.0,-0.0031860720855426583,-0.004498014367102789,-0.02114781186577345,True,1532.9265822784812,0.7922101200405588,0.017566671239531262,0.9736689642074471,True,False
3,39,1156.0,-0.0036928874318689817,-0.005636941545725825,-0.028797284412219935,True,924.4000000000001,0.7996539792387544,0.037349793405662565,0.8841280407623116,True,True
3,40,796.0,-0.003818447052451125,-0.009438938110207318,-0.05184507078566915,True,630.3772151898736,0.7919311748616502,0.014673632919019727,0.950025397287243,True,False
3,41,786.0,-0.0021261048454049515,-0.00773320854340888,-0.053760099538568376,True,610.5594936708861,0.7767932489451478,0.014438384764940995,0.9553352026404279,True,False
3,42,1642.0,-0.0029055720982736908,-0.006071479801382006,-0.0247491874962332,True,1300.7518987341773,0.7921753341864661,0.025014959688134334,0.9572849907499487,True,False
3,43,1046.0,-0.002562744903383934,-0.006123860079778183,-0.04283353634424042,True,836.4000000000001,0.7996175908221799,0.02586308009721372,0.9521883646638779,True,True
3,44,940.0,-0.0021416191359868116,-0.006025988526692589,-0.04500753892449203,True,751.6,0.7995744680851065,0.037062488409293284,0.9179358399867354,True,True
3,45,1801.0,-0.0029227973316593016,-0.005185563054365948,-0.023438482195867198,True,1426.7443037974685,0.7921956156565623,0.020669699138032148,0.9702816560507826,True,False
