batch,group,n_cells,mape_pct,mae_cycles,rmse_cycles,overprediction_fraction
2,all,39,28.60918728493949,141.75235909363803,158.6761111983737,0.9230769230769231
2,inputs_inside_train_range,22,34.29806049510665,159.5716444018547,169.87163889408637,0.9545454545454546
2,inputs_outside_train_range,17,21.247116071781992,118.69210751829871,142.89156747114308,0.8823529411764706
2,life_below_train_min,30,32.66122914158814,146.08554631468195,156.0503107829072,1.0
2,life_above_train_max,2,6.474319631041772,74.2293060760448,90.89898901428477,0.0
3,all,44,12.15616437745865,147.9097238011723,232.0456272948011,0.45454545454545453
3,inputs_inside_train_range,23,8.627037982771665,76.84031130676603,94.52929178923853,0.4782608695652174
3,inputs_outside_train_range,21,16.02139804783011,225.7476517712363,320.9854259642177,0.42857142857142855
3,life_above_train_max,16,18.03606063386972,277.2711355990456,362.1227978454635,0.25
