batch,feature,spearman_life,pearson_loglife,n_valid
1,log10_dq_variance,-0.8262324691948716,-0.8435131306110238,36
1,qd_slope_2_100,0.4725189896267913,0.5524002441990856,36
1,charge_time_mean_2_6,0.4322306638972392,0.5748612653360106,36
1,ir_change_100_2,-0.22512550064212966,0.13557850189048554,36
1,tavg_mean_2_100,-0.11635989284190121,-0.15606695439152507,36
1,dq_mean,0.7580126205154383,0.7984529611207369,36
1,dq_min,0.7867164436390489,0.8325138987326146,36
1,qd_change_100_2,0.41691337711827214,0.5189541326947212,36
1,tmax_max_2_100,-0.09962672241109684,-0.10371487381786086,36
1,ideal_equivalent_c,-0.43486105531239155,-0.5938924863405896,36
2,log10_dq_variance,-0.7089786451951733,-0.9184092022111523,39
2,qd_slope_2_100,-0.27108007022168396,-0.42029222053158644,39
2,charge_time_mean_2_6,-0.8024091548346859,-0.9415448947470053,39
2,ir_change_100_2,0.30901646301589303,0.3606545105273584,33
2,tavg_mean_2_100,0.16550258208082647,0.3933063571888061,39
2,dq_mean,0.6972365659772065,0.7906961456475146,39
2,dq_min,0.6608968552940159,0.8391879638428767,39
2,qd_change_100_2,-0.09666970390653778,-0.1658496141132348,39
2,tmax_max_2_100,-0.1517360064459687,-0.05330611064280858,39
2,ideal_equivalent_c,0.32079048769847657,0.3496047855946857,39
3,log10_dq_variance,-0.7972372984772357,-0.7621386591482626,44
3,qd_slope_2_100,0.08823736719355543,0.4325351013546781,44
3,charge_time_mean_2_6,0.21446190764376133,0.6007640278282297,44
3,ir_change_100_2,-0.16280217109993056,-0.4599638302469211,44
3,tavg_mean_2_100,0.025371766924664505,-0.014681850839275699,44
3,dq_mean,0.7561491314853485,0.7195296102101695,44
3,dq_min,0.7760236822430022,0.7691099708595637,44
3,qd_change_100_2,-0.14335048312435444,0.37115141390493156,44
3,tmax_max_2_100,-0.03848051316907449,-0.08956362891140224,44
3,ideal_equivalent_c,-0.13205193371079488,-0.017460482444999346,44
