scope,feature_set,feature,vif,n_cells,note
Batch 1,all10,log10_dq_variance,96.02713517725459,36,complete cases in this feature set
Batch 1,all10,qd_slope_2_100,103.68781417993229,36,complete cases in this feature set
Batch 1,all10,charge_time_mean_2_6,263.71683970809573,36,complete cases in this feature set
Batch 1,all10,ir_change_100_2,1.900288350622767,36,complete cases in this feature set
Batch 1,all10,tavg_mean_2_100,14.413702145816456,36,complete cases in this feature set
Batch 1,all10,dq_mean,94.16141806812188,36,complete cases in this feature set
Batch 1,all10,dq_min,234.60413944409618,36,complete cases in this feature set
Batch 1,all10,qd_change_100_2,99.35304316823607,36,complete cases in this feature set
Batch 1,all10,tmax_max_2_100,13.111987255122811,36,complete cases in this feature set
Batch 1,all10,ideal_equivalent_c,290.42536404787506,36,complete cases in this feature set
Batch 1,representative5,log10_dq_variance,2.7389270091897946,36,complete cases in this feature set
Batch 1,representative5,qd_slope_2_100,2.2229083337633906,36,complete cases in this feature set
Batch 1,representative5,charge_time_mean_2_6,1.9859259918553813,36,complete cases in this feature set
Batch 1,representative5,ir_change_100_2,1.1822815275803948,36,complete cases in this feature set
Batch 1,representative5,tavg_mean_2_100,1.2843470015124059,36,complete cases in this feature set
Pooled (descriptive),all10,log10_dq_variance,23.927149056444712,113,complete cases in this feature set
Pooled (descriptive),all10,qd_slope_2_100,10.425387854902826,113,complete cases in this feature set
Pooled (descriptive),all10,charge_time_mean_2_6,8.814834127466694,113,complete cases in this feature set
Pooled (descriptive),all10,ir_change_100_2,1.1864192205279391,113,complete cases in this feature set
Pooled (descriptive),all10,tavg_mean_2_100,6.796413075286495,113,complete cases in this feature set
Pooled (descriptive),all10,dq_mean,67.50056669912914,113,complete cases in this feature set
Pooled (descriptive),all10,dq_min,99.26143396757197,113,complete cases in this feature set
Pooled (descriptive),all10,qd_change_100_2,10.975302219212866,113,complete cases in this feature set
Pooled (descriptive),all10,tmax_max_2_100,5.119997162509132,113,complete cases in this feature set
Pooled (descriptive),all10,ideal_equivalent_c,8.925007562709663,113,complete cases in this feature set
Pooled (descriptive),representative5,log10_dq_variance,1.271316190987448,113,complete cases in this feature set
Pooled (descriptive),representative5,qd_slope_2_100,1.0763783893448682,113,complete cases in this feature set
Pooled (descriptive),representative5,charge_time_mean_2_6,1.1207929806445622,113,complete cases in this feature set
Pooled (descriptive),representative5,ir_change_100_2,1.093961109993001,113,complete cases in this feature set
Pooled (descriptive),representative5,tavg_mean_2_100,1.3134837328768996,113,complete cases in this feature set
