batch,cell_id,policy,cycle_life,log10_dq_variance,qd_slope_2_100,charge_time_mean_2_6,ir_change_100_2,tavg_mean_2_100,early_qc_flags,split,ape_pct,predicted_cycle_life,signed_error_cycles,log10_dq_variance_outside_train_range,charge_time_mean_2_6_outside_train_range,n_features_outside_train_range,life_outside_train_range
2,0,5.2C(58%)-4C,477.0,-3.4872647963011447,1.3737568336431474e-05,10.173733999999968,6.96420000000017e-05,31.808470926230022,0,test,32.28632815337139,631.0057852915816,154.00578529158156,False,False,0,True
2,1,5.6C(26%)-4.5C,491.0,-3.2980513654760366,-3.290422139764397e-05,10.192646000000046,-0.00069421,33.60099815475848,0,test,13.901831828211344,559.2579942765177,68.2579942765177,True,False,1,True
2,2,5.2C(50%)-4.25C,424.0,-3.4602483651128177,-5.396060358691645e-06,10.175071333333326,-9.869800000000124e-05,33.17566129490617,0,test,46.27527389428834,620.2071613117826,196.20716131178256,False,False,0,True
2,3,4.65C(44%)-5C,499.0,-3.496242996974693,7.592857884971752e-05,10.173250333333367,-3.5558000000001505e-05,33.93805810095692,0,test,27.181441768362298,634.6353944241279,135.63539442412787,False,False,0,True
2,4,4.65C(69%)-6C,444.0,-3.232506812226559,-6.742782807669012e-05,10.222283666666629,-0.000903592,33.04820861652687,0,test,20.85618148436724,536.6014457905906,92.60144579059056,True,False,1,True
2,5,3.6C(30%)-6C,416.0,-3.085881724279185,-0.0001948491799628,10.178295333333276,-0.0007167039999999,33.01307013030371,0,test,17.33616276119448,488.11843708656903,72.11843708656903,True,False,1,True
2,6,3.6C(9%)-5C,393.0,-3.53003968650195,6.24381335807018e-05,10.179130999999906,-0.000526063,33.81904518975318,0,test,65.03447726533217,648.5854956527554,255.5854956527554,False,False,0,True
2,7,4.8C(80%)-4.8C-newstructure,777.0,-4.231670089905405,5.346993939393214e-05,10.037040333333376,1.3403999999999848e-05,33.769687089746824,0,test,30.410397804139244,1013.288790938162,236.28879093816192,True,False,1,False
2,8,5.2C(58%)-4C-newstructure,904.0,-4.10242248030074,-4.8129210760671786e-05,10.04007933333327,3.0228999999999673e-05,33.59868374090274,0,test,3.198187691427845,932.9116167305076,28.911616730507717,False,False,0,False
2,9,5.6C(26%)-4.5C-newstructure,791.0,-4.344425682662564,-3.178960420532104e-05,10.040580999999946,-5.300199999999991e-05,32.3508526526095,0,test,37.69648035631528,1089.179159618454,298.1791596184539,True,False,1,False
2,10,4.8C(80%)-4.8C,492.0,-3.4509001132975605,5.4494455906002766e-05,10.17126966666663,-0.000303047,31.720791269063756,0,test,25.297100253676163,616.4617332480867,124.46173324808672,False,False,0,True
2,11,5.2C(50%)-4.25C,449.0,-3.485393220979881,0.0001163692838589,10.17367599999993,1.5793000000000057e-05,33.146477466034135,0,test,40.36743898587856,630.2498010465947,181.2498010465947,False,False,0,True
2,12,4.65C(44%)-5C,466.0,-3.1679683681509765,3.124443661100505e-05,10.174669333333393,-0.0010207299999999,31.314676947956993,0,test,10.387677664305702,514.4065779156646,48.40657791566457,True,False,1,True
2,13,4.65C(69%)-6C,460.0,-3.3444477218838284,-1.1445944341368896e-05,10.207829000000007,-0.001093559,31.946988973926523,0,test,25.27917306717328,576.2841961089971,116.2841961089971,True,False,1,True
2,14,3.6C(30%)-6C,426.0,-3.118519966248836,-0.000101657056277,10.207831333333306,-0.0008788019999999,32.123877001585356,0,test,17.068515617966902,498.711876532539,72.71187653253901,True,False,1,True
2,15,3.6C(9%)-5C,396.0,-3.516251926776714,9.20414260977118e-05,10.174112999999924,-0.0009618189999999,32.862747677246595,0,test,62.329389981176334,642.8243843254583,246.82438432545823,False,False,0,True
2,16,4.8C(80%)-4.8C,472.0,-3.494880991874622,-1.5038863327153774e-05,10.17198033333334,-0.000279205,32.7673986704417,0,test,34.3361366127632,634.0665648122423,162.0665648122423,False,False,0,True
2,17,5.6C(26%)-4.5C,471.0,-3.500344128474038,3.904175881262204e-05,10.176372333333273,-0.000425104,32.988612809790894,0,test,35.10454991702524,636.3424301091889,165.34243010918885,False,False,0,True
2,18,5.2C(50%)-4.25C,449.0,-3.707302736176298,0.0001133929870129,10.175029666666669,-4.021899999999759e-05,32.88627829858526,0,test,61.78875801934628,726.4315235068648,277.4315235068648,False,False,0,True
2,19,6C(60%)-3C,392.0,-3.291958004542694,2.1983457019166268e-05,10.175535333333393,6.25240000000013e-05,32.770067410122046,0,test,42.06449335373591,556.8928139466448,164.89281394664476,True,False,1,True
2,20,5.2C(58%)-4C,489.0,-3.441305431410401,2.8384829931970537e-05,10.172872000000012,0.0001909399999999,33.61911118506716,0,test,25.298137085216418,612.7078903467083,123.70789034670828,False,False,0,True
2,21,6C(60%)-3C,408.0,-3.326679075199306,3.546821447123146e-05,10.174583999999935,0.000128538,33.60118814118363,0,test,39.55728533401833,569.3937241627948,161.3937241627948,True,False,1,True
2,24,4.8C(80%)-4.8C,514.0,-3.6408852680750527,4.325509709338842e-05,10.170490666666687,-0.0001408489999999,33.206377241160645,0,test,35.43615103877926,696.1418163393254,182.14181633932537,False,False,0,True
2,25,5.2C(58%)-4C,493.0,-3.5344779300217333,3.860060482374841e-05,10.172881333333304,2.3801000000000377e-05,32.23848796399698,0,test,31.916758403308492,650.3496189283109,157.34961892831086,False,False,0,True
2,26,5.6C(26%)-4.5C,450.0,-3.2220536077932804,-1.223195670995208e-05,10.192329666666629,-0.000829171,33.75843376995604,0,test,18.37953193728792,532.7078937177956,82.70789371779563,True,False,1,True
2,27,5.2C(50%)-4.25C,474.0,-3.48620363289781,8.322792949907285e-05,10.174448333333178,0.000122759,33.30411096115286,0,test,33.03509963338625,630.5863722622508,156.58637226225085,False,False,0,True
2,28,4.8C(80%)-4.8C,437.0,-3.4234111691232063,5.7402129870125894e-05,10.17431633333336,-0.000654615,32.143914131113334,0,test,38.61540920941388,605.7493382451387,168.7493382451387,False,False,0,True
2,29,5.2C(58%)-4C,452.0,-3.5082481790944344,0.0001200828880643,10.173121999999903,0.000110617,31.797490897448796,0,test,41.48847999441428,639.5279295747525,187.52792957475253,False,False,0,True
2,30,5.6C(26%)-4.5C,412.0,-3.1854095592748743,-8.503881385281154e-05,10.223914333333378,-0.0010622549999999,33.81182141567536,0,test,26.38047121857276,520.6875414205198,108.68754142051978,True,False,1,True
2,31,5.6C(26%)-4.5C,425.0,-3.35235883148731,3.9791858998146125e-05,10.17796866666676,-0.000681926,33.3758501254003,0,test,36.20387390979466,578.8664641166273,153.8664641166273,False,False,0,True
2,32,4.8C(80%)-4.8C-newstructure,809.0,-4.131466155166347,-5.5682572665427346e-05,10.041900666666674,-5.889600000000099e-05,32.16894887045923,0,test,17.484102312834317,950.4463877108296,141.44638771082964,False,False,0,False
2,33,5.2C(58%)-4C-newstructure,1140.0,-4.23162831933775,-0.0001253141632653,10.03920333333323,-8.753799999999985e-05,32.74157143407892,0,test,11.113585861350565,1013.3051211806036,-126.69487881939642,True,False,1,True
2,34,5.6C(26%)-4.5C-newstructure,1186.0,-4.448585173324752,-5.456295732837848e-05,10.04001100000004,-0.0001188279999999,35.66789148456313,0,test,1.835053400732982,1164.2362666673068,-21.763733332693164,True,False,1,True
2,41,5.6C(26%)-4.5C,442.0,-3.1723658101769976,2.3998204081631683e-05,10.177705666666686,,30.193787010451164,0,test,16.716551274256044,515.8871566322117,73.88715663221171,True,False,1,True
2,42,5.2C(50%)-4.25C,474.0,-3.482587648007536,8.583347433519058e-05,10.174918666666732,,31.709620029469267,0,test,32.72886356799267,629.1348133122852,155.13481331228525,False,False,0,True
2,43,4.8C(80%)-4.8C-newstructure,1029.0,-4.271781928623568,-7.295969944341106e-05,10.0362016666667,,33.92914533704784,0,test,1.0317859324299077,1039.6170772447038,10.61707724470375,True,False,1,False
2,44,5.2C(58%)-4C-newstructure,841.0,-4.36452348032534,-2.446207668521927e-05,10.040366333333369,,33.95995836968299,0,test,31.185794324235893,1103.272530266824,262.2725302668239,True,False,1,False
2,45,5.6C(26%)-4.5C-newstructure,997.0,-4.175214949171005,-7.610656895484813e-05,10.040267666666622,,35.271412144027664,0,test,1.966042181529902,977.3985594501468,-19.601440549853123,False,False,0,False
2,46,4.8C(80%)-4.8C,503.0,-3.5088751328187,1.9638269635131457e-05,10.169781000000077,,29.88150861827619,0,test,27.185331013028257,639.7422149955321,136.7422149955321,False,False,0,True
3,0,5C(67%)-4C-newstructure,1009.0,-4.245114870317645,-5.346195423626031e-06,10.044530999999989,-0.00012841200000000136,32.194853230782606,0,additional_test,1.3078075861122742,1022.1957785438728,13.195778543872848,True,False,1,False
3,1,5.3C(54%)-4C-newstructure,1063.0,-4.28554271039912,-1.4719340754480143e-05,10.041138666666567,-0.00010282300000000015,34.83231929224147,0,additional_test,1.3250679816244606,1048.914527355332,-14.085472644668016,True,False,1,False
3,2,5.6C(19%)-4.6C-newstructure,1267.0,-4.77938058992098,-2.039117996289508e-05,10.044049666666687,-0.0004166900000000008,36.79033178065713,0,additional_test,13.561149759492059,1438.8197674527644,171.81976745276438,True,False,1,True
3,3,5.6C(36%)-4.3C-newstructure,1115.0,-4.116607770381197,-1.2654854669141905e-05,10.042065333333351,5.60549999999993e-05,36.08374244976545,0,additional_test,15.564531596805322,941.4554726956206,-173.54452730437936,False,False,0,True
3,4,5.6C(19%)-4.6C-newstructure,1048.0,-4.178465673149821,-5.233104514546137e-06,10.045031333333366,-6.733400000000049e-05,32.11715379681872,0,additional_test,6.533755608294385,979.5262412250748,-68.47375877492516,False,False,0,False
3,5,5.6C(36%)-4.3C-newstructure,828.0,-4.114423974726586,-1.602090043289774e-05,10.041910000000012,-0.00016723399999999874,35.56013985266867,0,additional_test,13.543223073561272,940.1378870490873,112.13788704908734,False,False,0,False
3,6,3.7C(31%)-5.9C-newstructure,667.0,-3.5257081929454923,-0.0002023977884972222,10.06247166666663,0.00032014799999999927,34.1072055276095,0,additional_test,3.2537655770013565,645.297383601401,-21.702616398599048,False,False,0,False
3,7,4.8C(80%)-4.8C-newstructure,1836.0,-4.488742187967907,-2.3574483611610727e-06,11.041577333333311,-3.5402999999999823e-05,32.79694473003086,0,additional_test,33.63418128726839,1218.4764315657524,-617.5235684342476,True,False,1,True
3,8,5C(67%)-4C-newstructure,828.0,-4.091803757442373,-3.3089511440911376e-06,10.044950000000002,-0.00017268099999999918,33.05552416009523,0,additional_test,11.918283783478843,926.6833897272048,98.68338972720483,False,False,0,False
3,9,5.3C(54%)-4C-newstructure,1039.0,-3.982296953008088,6.68053184916058e-07,10.041749333333332,-2.9396000000000977e-05,33.08832983925303,0,additional_test,16.85128648994528,863.9151333694685,-175.08486663053145,False,False,0,False
3,10,4.8C(80%)-4.8C-newstructure,1078.0,-4.4113559240265765,-2.8759653679635088e-06,11.045003333333321,-0.00014386399999999876,32.5348014795901,0,additional_test,7.577543063879348,1159.6859142286194,81.68591422861937,True,False,1,True
3,11,5.6C(19%)-4.6C-newstructure,817.0,-3.884921164468091,-1.7682165739029632e-05,10.042218333333295,-4.955999999999884e-05,34.20373702283128,0,additional_test,0.6445722860781903,811.7338444227412,-5.2661555772588144,False,False,0,False
3,12,5.6C(36%)-4.3C-newstructure,932.0,-3.9467899768101886,-6.6794632034672655e-06,10.04249166666661,-4.0385999999999894e-05,33.2205731520236,0,additional_test,9.386292493929579,844.5197539565763,-87.48024604342368,False,False,0,False
3,13,5.6C(19%)-4.6C-newstructure,816.0,-4.094466485311571,-1.2185193568341783e-05,10.042319666666685,-0.00014514099999999967,34.11768528185422,0,additional_test,13.75188030175732,928.2153432623397,112.21534326233973,False,False,0,False
3,14,5.6C(36%)-4.3C-newstructure,858.0,-3.999667694941731,4.6361076066727265e-06,10.041712000000018,-7.740999999999998e-05,33.11953606667905,0,additional_test,1.8148046299847205,873.5710237252689,15.571023725268901,False,False,0,False
3,15,5.9C(15%)-4.6C-newstructure,876.0,-4.000684421929468,-1.156462213976474e-05,10.041533666666655,-9.027200000000062e-05,33.51055049283859,0,additional_test,0.21273124564937695,874.1364742881115,-1.863525711888542,False,False,0,False
3,16,4.8C(80%)-4.8C-newstructure,1638.0,-4.694513499472995,-9.691301175018761e-06,11.04336633333335,-0.00012093599999999857,34.94134876933804,0,additional_test,15.139806490529606,1390.009969685125,-247.99003031487496,True,False,1,True
3,17,5.3C(54%)-4C-newstructure,1315.0,-4.439713079764758,-5.833125541120238e-06,10.041974333333346,-0.00016227499999999992,35.07228784758459,0,additional_test,11.962715312279906,1157.6902936435192,-157.30970635648077,True,False,1,True
3,18,5.6C(19%)-4.6C-newstructure,1146.0,-4.254052001185467,-2.927494124922568e-05,10.043129666666696,-3.7439999999999696e-05,35.2914180269327,0,additional_test,10.294079686600291,1028.0298467915607,-117.97015320843934,True,False,1,True
3,19,5.6C(36%)-4.3C-newstructure,1155.0,-4.171941874669042,-2.9691358070504438e-05,10.043436999999928,-4.249000000000093e-05,35.09835953689969,0,additional_test,15.54850094578453,975.4148140761887,-179.5851859238113,False,False,0,True
3,20,5C(67%)-4C-newstructure,813.0,-4.066344693269561,-7.154074211500192e-06,10.04332966666664,-7.635700000000085e-05,33.10212248197412,0,additional_test,12.137696039171935,911.6794687984678,98.67946879846784,False,False,0,False
3,21,3.7C(31%)-5.9C-newstructure,772.0,-3.704326685729231,-0.0001594917019171322,10.067868000000017,0.00023393700000000003,34.900399416468076,0,additional_test,6.28082731324018,723.5120131417858,-48.487986858214185,False,False,0,False
3,22,5.9C(60%)-3.1C-newstructure,1002.0,-4.046822397094466,-1.5988764378483083e-05,10.043384333333282,-0.00012298300000000012,34.61069656408486,0,additional_test,10.14349332975272,900.3621968358777,-101.63780316412226,False,False,0,False
3,24,5C(67%)-4C-newstructure,825.0,-4.155254994876533,9.6505887445875e-06,10.042240333333272,-0.0001505590000000015,34.68760501613314,0,additional_test,16.973556627335405,965.0318421755171,140.0318421755171,False,False,0,False
3,25,5.3C(54%)-4C-newstructure,989.0,-4.1465607447332715,6.950843537418871e-06,10.041598333333386,-4.924599999999932e-05,35.58186389191699,0,additional_test,2.966067655920613,959.6655908829451,-29.33440911705486,False,False,0,False
3,26,5.6C(19%)-4.6C-newstructure,1028.0,-4.219507413901045,-4.2884230055903015e-07,10.041816666666708,-4.2369000000000434e-05,35.745916536891265,0,additional_test,2.1859787215603834,1005.5281387423593,-22.47186125764074,True,False,1,False
3,27,5.6C(36%)-4.3C-newstructure,850.0,-4.130132310934438,-4.0353704390864875e-06,10.045022333333327,-9.954799999999965e-05,35.30844806776433,0,additional_test,11.728731439348902,949.6942172344657,99.69421723446567,False,False,0,False
3,28,3.7C(31%)-5.9C-newstructure,541.0,-3.451657893017001,-0.00019802208534322756,10.05914166666674,0.00043592300000000125,35.69688828820833,0,additional_test,13.750904411356684,615.3923928654397,74.39239286543966,False,False,0,False
3,29,5.9C(15%)-4.6C-newstructure,858.0,-4.0635761002012085,4.077620284472189e-06,10.041687666666647,-0.00016551100000000013,31.262889334066085,0,additional_test,6.064817345845784,910.0361328273568,52.03613282735682,False,False,0,False
3,30,5.3C(54%)-4C-newstructure,935.0,-4.1002255467806545,-3.416536796534243e-06,10.043678666666674,-0.00011412599999999912,32.24311941023021,0,additional_test,0.356422998204927,931.6674449667839,-3.3325550332160674,False,False,0,False
3,31,5.9C(60%)-3.1C-newstructure,731.0,-3.8396030254357147,-8.999562152133179e-06,10.046477666666663,-2.983200000000047e-05,34.00003070157337,0,additional_test,7.879435987168577,788.5986770662023,57.5986770662023,False,False,0,False
3,33,5C(67%)-4C-newstructure,1284.0,-4.395898333073689,-1.2591045145338765e-05,10.043301333333366,-0.00015399299999999984,33.10710984192206,0,additional_test,12.327712713475632,1125.712168758973,-158.2878312410271,True,False,1,True
3,34,5.3C(54%)-4C-newstructure,1158.0,-4.305659504591576,-2.115797278911987e-05,10.044184666666649,-0.00010690799999999931,35.77943527518051,0,additional_test,8.241067467350655,1062.5684387280794,-95.4315612719206,True,False,1,True
3,35,5.6C(19%)-4.6C-newstructure,1093.0,-4.234858289724564,-1.953093877550817e-05,10.043148666666676,-7.601500000000046e-05,35.532941501822236,0,additional_test,7.092312874982122,1015.4810202764454,-77.5189797235546,True,False,1,True
3,36,5.6C(36%)-4.3C-newstructure,923.0,-4.253457920681209,-2.197191960420188e-05,10.043801000000046,-8.82880000000006e-05,35.87907157748097,0,additional_test,11.338328865369691,1027.6527754273623,104.65277542736226,True,False,1,False
3,37,4.8C(80%)-4.8C-newstructure,1390.0,-5.098855849397497,-2.0516487322216555e-06,11.038556666666702,-0.00013295699999999952,35.01461049108638,0,additional_test,29.518412653964653,1800.3059358901087,410.3059358901087,True,False,1,True
3,38,5C(67%)-4C-newstructure,1935.0,-4.342053043792284,-8.787589363021427e-06,10.044471,-0.00011589700000000022,34.745836319764145,0,additional_test,43.79273627317514,1087.610553114061,-847.3894468859389,True,False,1,True
3,39,5.3C(54%)-4C-newstructure,1156.0,-4.454635076566319,-6.583238095233322e-06,10.043833000000012,-0.00015527400000000038,33.887021839840784,0,additional_test,1.110785024394958,1168.8406748820057,12.840674882005715,True,False,1,True
3,40,5.6C(19%)-4.6C-newstructure,796.0,-4.29510827493732,-7.692147186143209e-06,10.043562999999995,-0.00023430500000000062,34.05341123035083,0,additional_test,32.58861388107414,1055.4053664933501,259.40536649335013,True,False,1,False
3,41,5.6C(36%)-4.3C-newstructure,786.0,-4.2195093707566445,9.732244897959292e-06,10.042974333333357,-0.00017313199999999945,33.640262798950594,0,additional_test,27.93288247347468,1005.552456241511,219.55245624151098,True,False,1,False
3,42,4.8C(80%)-4.8C-newstructure,1642.0,-4.346194685061839,1.8104885590570822e-06,11.038937333333307,-0.0005620929999999996,33.03326599301577,0,additional_test,32.26607404915484,1112.1910641128775,-529.8089358871225,True,False,1,True
3,43,5C(67%)-4C-newstructure,1046.0,-4.316748020025344,3.041014223876659e-06,10.043887666666608,-0.00014502799999999844,33.89526904792961,0,additional_test,2.306741895891018,1070.12852023102,24.128520231020048,True,False,1,False
3,44,5.3C(54%)-4C-newstructure,940.0,-4.131495522376496,4.689736549163306e-06,10.043435666666628,-0.00010574500000000084,33.35164903826186,0,additional_test,1.1162924241323182,950.4931487868438,10.49314878684379,False,False,0,False
3,45,4.8C(80%)-4.8C-newstructure,1801.0,-4.5208508005857535,-1.2584539269261775e-07,11.037649999999994,-7.953999999999947e-05,32.72596355233115,0,additional_test,30.9453609427781,1243.6740494205665,-557.3259505794335,True,False,1,True
