scope,life_group,n_cells,n_shape_ok,n_search_boundary,n_interior_shape_ok,interior_candidate_min_cycle,interior_candidate_median_cycle,interior_candidate_max_cycle,interior_candidate_median_fraction_of_life
Pooled (descriptive),short_lt500,28,28,4,24,313.1949367088608,363.28481012658233,406.17721518987344,0.8069284847021259
Pooled (descriptive),middle_500_1000,60,59,17,42,387.45316455696207,614.3632911392406,783.0759493670886,0.7654727071708299
Pooled (descriptive),long_gt1000,31,31,12,19,759.2911392405065,907.7189873417722,1532.9265822784812,0.7845303867403317
Batch 1,short_lt500,0,0,0,0,,,,
Batch 1,middle_500_1000,31,31,4,27,433.53417721518986,582.3037974683543,699.260759493671,0.7540563866513235
Batch 1,long_gt1000,5,5,1,4,759.2911392405065,791.4873417721519,808.5620253164558,0.7655347769518481
Batch 2,short_lt500,28,28,4,24,313.1949367088608,363.28481012658233,406.17721518987344,0.8069284847021259
Batch 2,middle_500_1000,8,8,1,7,406.9291139240506,649.3949367088608,783.0759493670886,0.8090042026323074
Batch 2,long_gt1000,3,3,0,3,841.1569620253167,925.3316455696203,964.0253164556963,0.8128375349542127
Batch 3,short_lt500,0,0,0,0,,,,
Batch 3,middle_500_1000,21,20,12,8,387.45316455696207,635.2139240506331,687.1392405063292,0.7843906506594316
Batch 3,long_gt1000,23,23,11,12,798.6455696202531,1012.8354430379748,1532.9265822784812,0.7845354922583595
