batch,life_group,n_cells,cycle_life_median,log10_dq_variance_median,dq_mean_median,dq_min_median,early_slope_ah_per100_median,middle_slope_ah_per100_median,late_slope_ah_per100_median
1,short_lt500,0,,,,,,,
1,middle_500_1000,31,731.0,-3.768877900227724,-0.017983588803246863,-0.03947820648424727,-0.003669230796859881,-0.009424417109135608,-0.06804771610292373
1,long_gt1000,5,1051.0,-4.059383677769545,-0.012358568562846162,-0.028724475696229934,-0.0032667466078613633,-0.008215790710209763,-0.04594517131579026
2,short_lt500,28,449.5,-3.4461027723539805,-0.028665023759515428,-0.05617991969714348,0.0002768675178449392,-0.02681574594231883,-0.1439847584353824
2,middle_500_1000,8,800.0,-4.153340552168676,-0.01118054093281574,-0.027065812650061083,0.0009409017693114124,-0.01057078646175818,-0.08199425752720718
2,long_gt1000,3,1140.0,-4.271781928623568,-0.008120054579074073,-0.019164842112240565,-0.0036828749249983765,-0.006695453001419065,-0.05070760680434464
3,short_lt500,0,,,,,,,
3,middle_500_1000,21,828.0,-4.091803757442373,-0.01176548019743392,-0.027646083960900736,-0.0036405887245620663,-0.008057388322703899,-0.049693111729738365
3,long_gt1000,23,1155.0,-4.316748020025344,-0.008693083372975452,-0.020147005721674938,-0.003525728524849167,-0.0059312948585856454,-0.03796265544776951
