batch,cell_id,partition,fold,cycle_life,predicted_cycle_life,scheme,observed_class,predicted_class
1,16,Train (Batch 1 CV),1.0,862.0,945.4236559516288,binary_550,1,1
1,17,Train (Batch 1 CV),1.0,857.0,874.5911360073784,binary_550,1,1
1,26,Train (Batch 1 CV),1.0,870.0,778.7226840469409,binary_550,1,1
1,27,Train (Batch 1 CV),1.0,842.0,810.772024678558,binary_550,1,1
1,38,Train (Batch 1 CV),1.0,617.0,580.2491483816021,binary_550,1,1
1,39,Train (Batch 1 CV),1.0,625.0,619.423894546582,binary_550,1,1
1,44,Train (Batch 1 CV),1.0,616.0,573.482236789886,binary_550,1,1
1,45,Train (Batch 1 CV),1.0,599.0,575.9988221323302,binary_550,1,1
1,11,Train (Batch 1 CV),2.0,788.0,998.865961508026,binary_550,1,1
1,20,Train (Batch 1 CV),2.0,534.0,589.5762959475647,binary_550,0,1
1,21,Train (Batch 1 CV),2.0,559.0,582.8772133960164,binary_550,1,1
1,34,Train (Batch 1 CV),2.0,742.0,816.4120690362525,binary_550,1,1
1,35,Train (Batch 1 CV),2.0,703.0,775.5092825911053,binary_550,1,1
1,42,Train (Batch 1 CV),2.0,702.0,721.5012283838316,binary_550,1,1
1,43,Train (Batch 1 CV),2.0,651.0,722.4401896290717,binary_550,1,1
1,9,Train (Batch 1 CV),3.0,1054.0,870.9891270683961,binary_550,1,1
1,18,Train (Batch 1 CV),3.0,691.0,411.0871283250723,binary_550,1,0
1,19,Train (Batch 1 CV),3.0,788.0,671.9761952562703,binary_550,1,1
1,30,Train (Batch 1 CV),3.0,709.0,734.229501360094,binary_550,1,1
1,31,Train (Batch 1 CV),3.0,876.0,743.8323021521779,binary_550,1,1
1,40,Train (Batch 1 CV),3.0,966.0,880.2386332167641,binary_550,1,1
1,41,Train (Batch 1 CV),3.0,1051.0,880.8672976584643,binary_550,1,1
1,5,Train (Batch 1 CV),4.0,1074.0,981.1773112480988,binary_550,1,1
1,14,Train (Batch 1 CV),4.0,880.0,913.8606845246776,binary_550,1,1
1,15,Train (Batch 1 CV),4.0,719.0,899.6070899655531,binary_550,1,1
1,24,Train (Batch 1 CV),4.0,1017.0,859.4189979729051,binary_550,1,1
1,25,Train (Batch 1 CV),4.0,854.0,904.6452474774088,binary_550,1,1
1,36,Train (Batch 1 CV),4.0,704.0,722.9889189858035,binary_550,1,1
1,37,Train (Batch 1 CV),4.0,648.0,725.2381861078813,binary_550,1,1
1,6,Valid (Batch 1 Hold-out),,636.0,747.1261299394037,binary_550,1,1
1,7,Valid (Batch 1 Hold-out),,870.0,767.8651723456086,binary_550,1,1
1,23,Valid (Batch 1 Hold-out),,1014.0,907.4571674447538,binary_550,1,1
1,28,Valid (Batch 1 Hold-out),,860.0,797.4508926230104,binary_550,1,1
1,29,Valid (Batch 1 Hold-out),,917.0,794.8578917019156,binary_550,1,1
1,32,Valid (Batch 1 Hold-out),,731.0,691.6766441030055,binary_550,1,1
1,33,Valid (Batch 1 Hold-out),,757.0,701.3195169949478,binary_550,1,1
2,0,Test (Batch 2),,477.0,631.0057852915816,binary_550,0,1
2,1,Test (Batch 2),,491.0,559.2579942765177,binary_550,0,1
2,2,Test (Batch 2),,424.0,620.2071613117826,binary_550,0,1
2,3,Test (Batch 2),,499.0,634.6353944241279,binary_550,0,1
2,4,Test (Batch 2),,444.0,536.6014457905906,binary_550,0,0
2,5,Test (Batch 2),,416.0,488.11843708656903,binary_550,0,0
2,6,Test (Batch 2),,393.0,648.5854956527554,binary_550,0,1
2,7,Test (Batch 2),,777.0,1013.288790938162,binary_550,1,1
2,8,Test (Batch 2),,904.0,932.9116167305076,binary_550,1,1
2,9,Test (Batch 2),,791.0,1089.179159618454,binary_550,1,1
2,10,Test (Batch 2),,492.0,616.4617332480867,binary_550,0,1
2,11,Test (Batch 2),,449.0,630.2498010465947,binary_550,0,1
2,12,Test (Batch 2),,466.0,514.4065779156646,binary_550,0,0
2,13,Test (Batch 2),,460.0,576.2841961089971,binary_550,0,1
2,14,Test (Batch 2),,426.0,498.711876532539,binary_550,0,0
2,15,Test (Batch 2),,396.0,642.8243843254583,binary_550,0,1
2,16,Test (Batch 2),,472.0,634.0665648122423,binary_550,0,1
2,17,Test (Batch 2),,471.0,636.3424301091889,binary_550,0,1
2,18,Test (Batch 2),,449.0,726.4315235068648,binary_550,0,1
2,19,Test (Batch 2),,392.0,556.8928139466448,binary_550,0,1
2,20,Test (Batch 2),,489.0,612.7078903467083,binary_550,0,1
2,21,Test (Batch 2),,408.0,569.3937241627948,binary_550,0,1
2,24,Test (Batch 2),,514.0,696.1418163393254,binary_550,0,1
2,25,Test (Batch 2),,493.0,650.3496189283109,binary_550,0,1
2,26,Test (Batch 2),,450.0,532.7078937177956,binary_550,0,0
2,27,Test (Batch 2),,474.0,630.5863722622508,binary_550,0,1
2,28,Test (Batch 2),,437.0,605.7493382451387,binary_550,0,1
2,29,Test (Batch 2),,452.0,639.5279295747525,binary_550,0,1
2,30,Test (Batch 2),,412.0,520.6875414205198,binary_550,0,0
2,31,Test (Batch 2),,425.0,578.8664641166273,binary_550,0,1
2,32,Test (Batch 2),,809.0,950.4463877108296,binary_550,1,1
2,33,Test (Batch 2),,1140.0,1013.3051211806036,binary_550,1,1
2,34,Test (Batch 2),,1186.0,1164.2362666673068,binary_550,1,1
2,41,Test (Batch 2),,442.0,515.8871566322117,binary_550,0,0
2,42,Test (Batch 2),,474.0,629.1348133122852,binary_550,0,1
2,43,Test (Batch 2),,1029.0,1039.6170772447038,binary_550,1,1
2,44,Test (Batch 2),,841.0,1103.272530266824,binary_550,1,1
2,45,Test (Batch 2),,997.0,977.3985594501468,binary_550,1,1
2,46,Test (Batch 2),,503.0,639.7422149955321,binary_550,0,1
3,0,Test (Batch 3),,1009.0,1022.1957785438728,binary_550,1,1
3,1,Test (Batch 3),,1063.0,1048.914527355332,binary_550,1,1
3,2,Test (Batch 3),,1267.0,1438.8197674527644,binary_550,1,1
3,3,Test (Batch 3),,1115.0,941.4554726956206,binary_550,1,1
3,4,Test (Batch 3),,1048.0,979.5262412250748,binary_550,1,1
3,5,Test (Batch 3),,828.0,940.1378870490872,binary_550,1,1
3,6,Test (Batch 3),,667.0,645.297383601401,binary_550,1,1
3,7,Test (Batch 3),,1836.0,1218.4764315657524,binary_550,1,1
3,8,Test (Batch 3),,828.0,926.6833897272048,binary_550,1,1
3,9,Test (Batch 3),,1039.0,863.9151333694685,binary_550,1,1
3,10,Test (Batch 3),,1078.0,1159.6859142286194,binary_550,1,1
3,11,Test (Batch 3),,817.0,811.7338444227412,binary_550,1,1
3,12,Test (Batch 3),,932.0,844.5197539565763,binary_550,1,1
3,13,Test (Batch 3),,816.0,928.2153432623396,binary_550,1,1
3,14,Test (Batch 3),,858.0,873.5710237252689,binary_550,1,1
3,15,Test (Batch 3),,876.0,874.1364742881115,binary_550,1,1
3,16,Test (Batch 3),,1638.0,1390.009969685125,binary_550,1,1
3,17,Test (Batch 3),,1315.0,1157.6902936435192,binary_550,1,1
3,18,Test (Batch 3),,1146.0,1028.0298467915609,binary_550,1,1
3,19,Test (Batch 3),,1155.0,975.4148140761888,binary_550,1,1
3,20,Test (Batch 3),,813.0,911.6794687984678,binary_550,1,1
3,21,Test (Batch 3),,772.0,723.5120131417858,binary_550,1,1
3,22,Test (Batch 3),,1002.0,900.3621968358777,binary_550,1,1
3,24,Test (Batch 3),,825.0,965.0318421755172,binary_550,1,1
3,25,Test (Batch 3),,989.0,959.6655908829453,binary_550,1,1
3,26,Test (Batch 3),,1028.0,1005.5281387423591,binary_550,1,1
3,27,Test (Batch 3),,850.0,949.6942172344656,binary_550,1,1
3,28,Test (Batch 3),,541.0,615.3923928654397,binary_550,0,1
3,29,Test (Batch 3),,858.0,910.0361328273568,binary_550,1,1
3,30,Test (Batch 3),,935.0,931.667444966784,binary_550,1,1
3,31,Test (Batch 3),,731.0,788.5986770662023,binary_550,1,1
3,33,Test (Batch 3),,1284.0,1125.712168758973,binary_550,1,1
3,34,Test (Batch 3),,1158.0,1062.5684387280794,binary_550,1,1
3,35,Test (Batch 3),,1093.0,1015.4810202764454,binary_550,1,1
3,36,Test (Batch 3),,923.0,1027.6527754273625,binary_550,1,1
3,37,Test (Batch 3),,1390.0,1800.305935890109,binary_550,1,1
3,38,Test (Batch 3),,1935.0,1087.610553114061,binary_550,1,1
3,39,Test (Batch 3),,1156.0,1168.8406748820055,binary_550,1,1
3,40,Test (Batch 3),,796.0,1055.40536649335,binary_550,1,1
3,41,Test (Batch 3),,786.0,1005.552456241511,binary_550,1,1
3,42,Test (Batch 3),,1642.0,1112.1910641128777,binary_550,1,1
3,43,Test (Batch 3),,1046.0,1070.12852023102,binary_550,1,1
3,44,Test (Batch 3),,940.0,950.4931487868438,binary_550,1,1
3,45,Test (Batch 3),,1801.0,1243.6740494205665,binary_550,1,1
1,16,Train (Batch 1 CV),1.0,862.0,945.4236559516288,three_500_1000,1,1
1,17,Train (Batch 1 CV),1.0,857.0,874.5911360073784,three_500_1000,1,1
1,26,Train (Batch 1 CV),1.0,870.0,778.7226840469409,three_500_1000,1,1
1,27,Train (Batch 1 CV),1.0,842.0,810.772024678558,three_500_1000,1,1
1,38,Train (Batch 1 CV),1.0,617.0,580.2491483816021,three_500_1000,1,1
1,39,Train (Batch 1 CV),1.0,625.0,619.423894546582,three_500_1000,1,1
1,44,Train (Batch 1 CV),1.0,616.0,573.482236789886,three_500_1000,1,1
1,45,Train (Batch 1 CV),1.0,599.0,575.9988221323302,three_500_1000,1,1
1,11,Train (Batch 1 CV),2.0,788.0,998.865961508026,three_500_1000,1,1
1,20,Train (Batch 1 CV),2.0,534.0,589.5762959475647,three_500_1000,1,1
1,21,Train (Batch 1 CV),2.0,559.0,582.8772133960164,three_500_1000,1,1
1,34,Train (Batch 1 CV),2.0,742.0,816.4120690362525,three_500_1000,1,1
1,35,Train (Batch 1 CV),2.0,703.0,775.5092825911053,three_500_1000,1,1
1,42,Train (Batch 1 CV),2.0,702.0,721.5012283838316,three_500_1000,1,1
1,43,Train (Batch 1 CV),2.0,651.0,722.4401896290717,three_500_1000,1,1
1,9,Train (Batch 1 CV),3.0,1054.0,870.9891270683961,three_500_1000,2,1
1,18,Train (Batch 1 CV),3.0,691.0,411.0871283250723,three_500_1000,1,0
1,19,Train (Batch 1 CV),3.0,788.0,671.9761952562703,three_500_1000,1,1
1,30,Train (Batch 1 CV),3.0,709.0,734.229501360094,three_500_1000,1,1
1,31,Train (Batch 1 CV),3.0,876.0,743.8323021521779,three_500_1000,1,1
1,40,Train (Batch 1 CV),3.0,966.0,880.2386332167641,three_500_1000,1,1
1,41,Train (Batch 1 CV),3.0,1051.0,880.8672976584643,three_500_1000,2,1
1,5,Train (Batch 1 CV),4.0,1074.0,981.1773112480988,three_500_1000,2,1
1,14,Train (Batch 1 CV),4.0,880.0,913.8606845246776,three_500_1000,1,1
1,15,Train (Batch 1 CV),4.0,719.0,899.6070899655531,three_500_1000,1,1
1,24,Train (Batch 1 CV),4.0,1017.0,859.4189979729051,three_500_1000,2,1
1,25,Train (Batch 1 CV),4.0,854.0,904.6452474774088,three_500_1000,1,1
1,36,Train (Batch 1 CV),4.0,704.0,722.9889189858035,three_500_1000,1,1
1,37,Train (Batch 1 CV),4.0,648.0,725.2381861078813,three_500_1000,1,1
1,6,Valid (Batch 1 Hold-out),,636.0,747.1261299394037,three_500_1000,1,1
1,7,Valid (Batch 1 Hold-out),,870.0,767.8651723456086,three_500_1000,1,1
1,23,Valid (Batch 1 Hold-out),,1014.0,907.4571674447538,three_500_1000,2,1
1,28,Valid (Batch 1 Hold-out),,860.0,797.4508926230104,three_500_1000,1,1
1,29,Valid (Batch 1 Hold-out),,917.0,794.8578917019156,three_500_1000,1,1
1,32,Valid (Batch 1 Hold-out),,731.0,691.6766441030055,three_500_1000,1,1
1,33,Valid (Batch 1 Hold-out),,757.0,701.3195169949478,three_500_1000,1,1
2,0,Test (Batch 2),,477.0,631.0057852915816,three_500_1000,0,1
2,1,Test (Batch 2),,491.0,559.2579942765177,three_500_1000,0,1
2,2,Test (Batch 2),,424.0,620.2071613117826,three_500_1000,0,1
2,3,Test (Batch 2),,499.0,634.6353944241279,three_500_1000,0,1
2,4,Test (Batch 2),,444.0,536.6014457905906,three_500_1000,0,1
2,5,Test (Batch 2),,416.0,488.11843708656903,three_500_1000,0,0
2,6,Test (Batch 2),,393.0,648.5854956527554,three_500_1000,0,1
2,7,Test (Batch 2),,777.0,1013.288790938162,three_500_1000,1,2
2,8,Test (Batch 2),,904.0,932.9116167305076,three_500_1000,1,1
2,9,Test (Batch 2),,791.0,1089.179159618454,three_500_1000,1,2
2,10,Test (Batch 2),,492.0,616.4617332480867,three_500_1000,0,1
2,11,Test (Batch 2),,449.0,630.2498010465947,three_500_1000,0,1
2,12,Test (Batch 2),,466.0,514.4065779156646,three_500_1000,0,1
2,13,Test (Batch 2),,460.0,576.2841961089971,three_500_1000,0,1
2,14,Test (Batch 2),,426.0,498.711876532539,three_500_1000,0,0
2,15,Test (Batch 2),,396.0,642.8243843254583,three_500_1000,0,1
2,16,Test (Batch 2),,472.0,634.0665648122423,three_500_1000,0,1
2,17,Test (Batch 2),,471.0,636.3424301091889,three_500_1000,0,1
2,18,Test (Batch 2),,449.0,726.4315235068648,three_500_1000,0,1
2,19,Test (Batch 2),,392.0,556.8928139466448,three_500_1000,0,1
2,20,Test (Batch 2),,489.0,612.7078903467083,three_500_1000,0,1
2,21,Test (Batch 2),,408.0,569.3937241627948,three_500_1000,0,1
2,24,Test (Batch 2),,514.0,696.1418163393254,three_500_1000,1,1
2,25,Test (Batch 2),,493.0,650.3496189283109,three_500_1000,0,1
2,26,Test (Batch 2),,450.0,532.7078937177956,three_500_1000,0,1
2,27,Test (Batch 2),,474.0,630.5863722622508,three_500_1000,0,1
2,28,Test (Batch 2),,437.0,605.7493382451387,three_500_1000,0,1
2,29,Test (Batch 2),,452.0,639.5279295747525,three_500_1000,0,1
2,30,Test (Batch 2),,412.0,520.6875414205198,three_500_1000,0,1
2,31,Test (Batch 2),,425.0,578.8664641166273,three_500_1000,0,1
2,32,Test (Batch 2),,809.0,950.4463877108296,three_500_1000,1,1
2,33,Test (Batch 2),,1140.0,1013.3051211806036,three_500_1000,2,2
2,34,Test (Batch 2),,1186.0,1164.2362666673068,three_500_1000,2,2
2,41,Test (Batch 2),,442.0,515.8871566322117,three_500_1000,0,1
2,42,Test (Batch 2),,474.0,629.1348133122852,three_500_1000,0,1
2,43,Test (Batch 2),,1029.0,1039.6170772447038,three_500_1000,2,2
2,44,Test (Batch 2),,841.0,1103.272530266824,three_500_1000,1,2
2,45,Test (Batch 2),,997.0,977.3985594501468,three_500_1000,1,1
2,46,Test (Batch 2),,503.0,639.7422149955321,three_500_1000,1,1
3,0,Test (Batch 3),,1009.0,1022.1957785438728,three_500_1000,2,2
3,1,Test (Batch 3),,1063.0,1048.914527355332,three_500_1000,2,2
3,2,Test (Batch 3),,1267.0,1438.8197674527644,three_500_1000,2,2
3,3,Test (Batch 3),,1115.0,941.4554726956206,three_500_1000,2,1
3,4,Test (Batch 3),,1048.0,979.5262412250748,three_500_1000,2,1
3,5,Test (Batch 3),,828.0,940.1378870490872,three_500_1000,1,1
3,6,Test (Batch 3),,667.0,645.297383601401,three_500_1000,1,1
3,7,Test (Batch 3),,1836.0,1218.4764315657524,three_500_1000,2,2
3,8,Test (Batch 3),,828.0,926.6833897272048,three_500_1000,1,1
3,9,Test (Batch 3),,1039.0,863.9151333694685,three_500_1000,2,1
3,10,Test (Batch 3),,1078.0,1159.6859142286194,three_500_1000,2,2
3,11,Test (Batch 3),,817.0,811.7338444227412,three_500_1000,1,1
3,12,Test (Batch 3),,932.0,844.5197539565763,three_500_1000,1,1
3,13,Test (Batch 3),,816.0,928.2153432623396,three_500_1000,1,1
3,14,Test (Batch 3),,858.0,873.5710237252689,three_500_1000,1,1
3,15,Test (Batch 3),,876.0,874.1364742881115,three_500_1000,1,1
3,16,Test (Batch 3),,1638.0,1390.009969685125,three_500_1000,2,2
3,17,Test (Batch 3),,1315.0,1157.6902936435192,three_500_1000,2,2
3,18,Test (Batch 3),,1146.0,1028.0298467915609,three_500_1000,2,2
3,19,Test (Batch 3),,1155.0,975.4148140761888,three_500_1000,2,1
3,20,Test (Batch 3),,813.0,911.6794687984678,three_500_1000,1,1
3,21,Test (Batch 3),,772.0,723.5120131417858,three_500_1000,1,1
3,22,Test (Batch 3),,1002.0,900.3621968358777,three_500_1000,2,1
3,24,Test (Batch 3),,825.0,965.0318421755172,three_500_1000,1,1
3,25,Test (Batch 3),,989.0,959.6655908829453,three_500_1000,1,1
3,26,Test (Batch 3),,1028.0,1005.5281387423591,three_500_1000,2,2
3,27,Test (Batch 3),,850.0,949.6942172344656,three_500_1000,1,1
3,28,Test (Batch 3),,541.0,615.3923928654397,three_500_1000,1,1
3,29,Test (Batch 3),,858.0,910.0361328273568,three_500_1000,1,1
3,30,Test (Batch 3),,935.0,931.667444966784,three_500_1000,1,1
3,31,Test (Batch 3),,731.0,788.5986770662023,three_500_1000,1,1
3,33,Test (Batch 3),,1284.0,1125.712168758973,three_500_1000,2,2
3,34,Test (Batch 3),,1158.0,1062.5684387280794,three_500_1000,2,2
3,35,Test (Batch 3),,1093.0,1015.4810202764454,three_500_1000,2,2
3,36,Test (Batch 3),,923.0,1027.6527754273625,three_500_1000,1,2
3,37,Test (Batch 3),,1390.0,1800.305935890109,three_500_1000,2,2
3,38,Test (Batch 3),,1935.0,1087.610553114061,three_500_1000,2,2
3,39,Test (Batch 3),,1156.0,1168.8406748820055,three_500_1000,2,2
3,40,Test (Batch 3),,796.0,1055.40536649335,three_500_1000,1,2
3,41,Test (Batch 3),,786.0,1005.552456241511,three_500_1000,1,2
3,42,Test (Batch 3),,1642.0,1112.1910641128777,three_500_1000,2,2
3,43,Test (Batch 3),,1046.0,1070.12852023102,three_500_1000,2,2
3,44,Test (Batch 3),,940.0,950.4931487868438,three_500_1000,1,1
3,45,Test (Batch 3),,1801.0,1243.6740494205665,three_500_1000,2,2
