scheme,batch,life_group,n_cells,batch_n_cells,proportion_pct
binary_550,1,short_le550,1,36,2.7777777777777777
binary_550,1,long_gt550,35,36,97.22222222222221
binary_550,2,short_le550,30,39,76.92307692307693
binary_550,2,long_gt550,9,39,23.076923076923077
binary_550,3,short_le550,1,44,2.272727272727273
binary_550,3,long_gt550,43,44,97.72727272727273
three_500_1000,1,short_lt500,0,36,0.0
three_500_1000,1,middle_500_1000,31,36,86.11111111111111
three_500_1000,1,long_gt1000,5,36,13.88888888888889
three_500_1000,2,short_lt500,28,39,71.7948717948718
three_500_1000,2,middle_500_1000,8,39,20.51282051282051
three_500_1000,2,long_gt1000,3,39,7.6923076923076925
three_500_1000,3,short_lt500,0,44,0.0
three_500_1000,3,middle_500_1000,21,44,47.72727272727273
three_500_1000,3,long_gt1000,23,44,52.27272727272727
