added_feature,base_set,expanded_set,alpha,delta_mape_pp,folds_improved,n_folds
qd_slope_2_100,plus_2,early,0.1,1.7215489993589677,1,4
qd_slope_2_100,variance,plus_1,1.0,1.3962767160369494,1,4
qd_slope_2_100,plus_2,early,1.0,1.1986554107560494,0,4
qd_slope_2_100,variance,plus_1,0.1,1.9204795776311363,0,4
qd_slope_2_100,plus_2_4,early_temperature,1.0,0.8702567009017703,1,4
qd_slope_2_100,plus_2_4,early_temperature,0.1,1.2922344412878264,1,4
qd_slope_2_100,plus_4,plus_1_4,1.0,1.1249274017228459,1,4
qd_slope_2_100,plus_4,plus_1_4,0.1,1.6793025603133371,0,4
qd_slope_2_100,plus_4,plus_1_4,10.0,0.227925238240537,2,4
qd_slope_2_100,variance,plus_1,10.0,0.36814191589214995,1,4
qd_slope_2_100,plus_2_4,early_temperature,10.0,-0.055416820286207535,2,4
qd_slope_2_100,plus_2,early,10.0,0.12001119179558817,2,4
qd_slope_2_100,plus_2_3,early_ir,1.0,2.2872610786981116,0,4
qd_slope_2_100,plus_3,plus_1_3,1.0,2.4847907094939727,0,4
qd_slope_2_100,plus_2_3_4,full,1.0,1.9666662482750716,0,4
qd_slope_2_100,plus_3,plus_1_3,0.1,3.7651024946733105,0,4
qd_slope_2_100,plus_2_3,early_ir,0.1,3.6848880371620227,0,4
qd_slope_2_100,plus_3_4,plus_1_3_4,1.0,2.3206928665230357,1,4
qd_slope_2_100,plus_2_3_4,full,0.1,3.2689504105308345,0,4
qd_slope_2_100,plus_3_4,plus_1_3_4,0.1,3.566399633657214,0,4
qd_slope_2_100,plus_2_3_4,full,10.0,-0.45076641818816787,3,4
qd_slope_2_100,plus_2_3,early_ir,10.0,-0.39404211899683883,3,4
qd_slope_2_100,plus_3_4,plus_1_3_4,10.0,-0.15422354822977402,2,4
qd_slope_2_100,plus_3,plus_1_3,10.0,-0.1700885427963863,2,4
charge_time_mean_2_6,variance,plus_2,1.0,0.018590144904947703,3,4
charge_time_mean_2_6,variance,plus_2,0.1,-0.03237401294278586,3,4
charge_time_mean_2_6,plus_4,plus_2_4,1.0,-0.1998151490427822,3,4
charge_time_mean_2_6,plus_4,plus_2_4,0.1,-0.1858992651004303,2,4
charge_time_mean_2_6,plus_1,early,1.0,-0.17903116037595224,3,4
charge_time_mean_2_6,plus_1_4,early_temperature,1.0,-0.45448584986385776,3,4
charge_time_mean_2_6,plus_4,plus_2_4,10.0,0.08618031459632136,2,4
charge_time_mean_2_6,variance,plus_2,10.0,0.272892722300657,2,4
charge_time_mean_2_6,plus_1_4,early_temperature,10.0,-0.19716174393042318,3,4
charge_time_mean_2_6,plus_1,early,10.0,0.024761998204095192,3,4
charge_time_mean_2_6,plus_3,plus_2_3,1.0,-0.01028894994807561,3,4
charge_time_mean_2_6,plus_3,plus_2_3,0.1,0.07031009991113035,2,4
charge_time_mean_2_6,plus_1,early,0.1,-0.2313045912149545,3,4
charge_time_mean_2_6,plus_3_4,plus_2_3_4,1.0,-0.20112414115406563,3,4
charge_time_mean_2_6,plus_1_4,early_temperature,0.1,-0.5729673841259411,3,4
charge_time_mean_2_6,plus_3_4,plus_2_3_4,0.1,-0.04967395438041744,1,4
charge_time_mean_2_6,plus_1_3_4,full,10.0,-0.6008007379146834,3,4
charge_time_mean_2_6,plus_1_3,early_ir,10.0,-0.3595306617105294,3,4
charge_time_mean_2_6,plus_3_4,plus_2_3_4,10.0,-0.3042578679562895,2,4
charge_time_mean_2_6,plus_3,plus_2_3,10.0,-0.13557708551007686,2,4
charge_time_mean_2_6,plus_1_3,early_ir,1.0,-0.207818580743937,3,4
charge_time_mean_2_6,plus_1_3_4,full,1.0,-0.5551507594020297,3,4
charge_time_mean_2_6,plus_1_3,early_ir,0.1,-0.009904357600157843,2,4
charge_time_mean_2_6,plus_1_3_4,full,0.1,-0.3471231775067971,2,4
ir_change_100_2,plus_2,plus_2_3,0.1,2.00966538340329,2,4
ir_change_100_2,variance,plus_3,1.0,1.8577127960221198,1,4
ir_change_100_2,plus_2,plus_2_3,1.0,1.8288337011690965,2,4
ir_change_100_2,variance,plus_3,0.1,1.9069812705493736,1,4
ir_change_100_2,plus_2_4,plus_2_3_4,1.0,1.7714981255397262,2,4
ir_change_100_2,plus_2_4,plus_2_3_4,0.1,1.964256771991666,2,4
ir_change_100_2,plus_4,plus_3_4,1.0,1.7728071176510096,2,4
ir_change_100_2,plus_4,plus_3_4,0.1,1.828031461271653,2,4
ir_change_100_2,early_temperature,full,1.0,2.8679076729130273,2,4
ir_change_100_2,early,early_ir,1.0,2.9174393691111584,2,4
ir_change_100_2,plus_1,plus_1_3,1.0,2.946226789479143,2,4
ir_change_100_2,plus_1_4,plus_1_3_4,1.0,2.9685725824511993,2,4
ir_change_100_2,plus_4,plus_3_4,10.0,1.3274859051267427,0,4
ir_change_100_2,early_temperature,full,10.0,0.5416981246721715,1,4
ir_change_100_2,variance,plus_3,10.0,1.3209638800797887,0,4
ir_change_100_2,early_temperature,full,0.1,3.940972741234674,2,4
ir_change_100_2,plus_2_4,plus_2_3_4,10.0,0.9370477225741318,1,4
ir_change_100_2,plus_1_4,plus_1_3_4,10.0,0.9453371186564317,0,4
ir_change_100_2,early,early_ir,0.1,3.973004421206345,2,4
ir_change_100_2,plus_2,plus_2_3,10.0,0.9124940722690549,1,4
ir_change_100_2,plus_1,plus_1_3,10.0,0.7827334213912525,1,4
ir_change_100_2,early,early_ir,10.0,0.3984407614766279,1,4
ir_change_100_2,plus_1,plus_1_3,0.1,3.751604187591548,2,4
ir_change_100_2,plus_1_4,plus_1_3_4,0.1,3.71512853461553,2,4
tavg_mean_2_100,plus_2,plus_2_4,0.1,0.2244441427932362,2,4
tavg_mean_2_100,variance,plus_4,1.0,0.30327750817962906,1,4
tavg_mean_2_100,plus_2,plus_2_4,1.0,0.08487221423189917,2,4
tavg_mean_2_100,variance,plus_4,0.1,0.37796939495088067,1,4
tavg_mean_2_100,early,early_temperature,1.0,-0.24352649562237993,3,4
tavg_mean_2_100,plus_1,plus_1_4,1.0,0.03192819386552559,3,4
tavg_mean_2_100,variance,plus_4,10.0,-0.04234685249360348,2,4
tavg_mean_2_100,early,early_temperature,0.1,-0.20487041527790506,3,4
tavg_mean_2_100,plus_2,plus_2_4,10.0,-0.2290592601979391,3,4
tavg_mean_2_100,plus_2_3,plus_2_3_4,1.0,0.027536638602528862,2,4
tavg_mean_2_100,plus_1,plus_1_4,10.0,-0.18256353014521642,2,4
tavg_mean_2_100,plus_3,plus_3_4,1.0,0.21837182980851888,2,4
tavg_mean_2_100,early,early_temperature,10.0,-0.4044872722797348,4,4
tavg_mean_2_100,plus_3,plus_3_4,0.1,0.2990195856731601,2,4
tavg_mean_2_100,plus_1,plus_1_4,0.1,0.1367923776330815,2,4
tavg_mean_2_100,plus_2_3,plus_2_3_4,0.1,0.17903553138161232,2,4
tavg_mean_2_100,early_ir,full,10.0,-0.2612299090841912,4,4
tavg_mean_2_100,plus_1_3,plus_1_3_4,10.0,-0.01995983288003722,2,4
tavg_mean_2_100,plus_2_3,plus_2_3_4,10.0,-0.20450560989286215,3,4
tavg_mean_2_100,plus_3,plus_3_4,10.0,-0.0358248274466495,2,4
tavg_mean_2_100,early_ir,full,1.0,-0.29305819182051085,3,4
tavg_mean_2_100,plus_1_3,plus_1_3_4,1.0,0.05427398683758189,3,4
tavg_mean_2_100,early_ir,full,0.1,-0.23690209524957573,3,4
tavg_mean_2_100,plus_1_3,plus_1_3_4,0.1,0.10031672465706354,3,4
