task,family,partition,n_cells,mape_pct,mae_cycles,rmse_cycles,macro_f1,accuracy_pct
regression,Variance,Train (Batch 1 CV),29,9.06377115288971,74.18897636267178,92.07363624589742,,
regression,Variance,Valid (Batch 1 Hold-out),7,10.426092666190149,85.39961437526482,91.3870452052125,,
regression,Discharge,Train (Batch 1 CV),29,6.202801585346069,50.21036390490028,61.026487947930676,,
regression,Discharge,Valid (Batch 1 Hold-out),7,6.721941443907663,53.806999015553984,65.20696244928035,,
regression,Full,Train (Batch 1 CV),29,10.158140407352825,78.84347649164732,112.19542210409477,,
regression,Full,Valid (Batch 1 Hold-out),7,7.678924663302348,61.94001366992536,74.95235443076471,,
regression,Selected,Train (Batch 1 CV),29,6.202801585346069,50.21036390490028,61.026487947930676,,
regression,Selected,Valid (Batch 1 Hold-out),7,6.721941443907663,53.806999015553984,65.20696244928035,,
binary_550,Variance,Train (Batch 1 CV),29,,,,0.4903846153846154,96.42857142857143
binary_550,Variance,Valid (Batch 1 Hold-out),7,,,,0.5,100.0
binary_550,Full,Train (Batch 1 CV),29,,,,0.4903846153846154,96.42857142857143
binary_550,Full,Valid (Batch 1 Hold-out),7,,,,0.5,100.0
three_500_1000,Full,Train (Batch 1 CV),29,,,,0.32364024864024865,75.44642857142857
three_500_1000,Full,Valid (Batch 1 Hold-out),7,,,,0.6666666666666666,100.0
regression,Variance,Test (Batch 2),39,28.559471774800443,143.6358361571762,163.13033607576907,,
regression,Discharge,Test (Batch 2),39,25.563119950046286,144.20491581824567,185.993552238567,,
regression,Full,Test (Batch 2),39,30.28293242839007,161.02716728790176,184.74447617710643,,
regression,Selected,Test (Batch 2),39,25.563119950046286,144.20491581824567,185.993552238567,,
binary_550,Variance,Test (Batch 2),39,,,,0.1875,23.076923076923077
binary_550,Full,Test (Batch 2),39,,,,0.48684210526315785,48.717948717948715
three_500_1000,Full,Test (Batch 2),39,,,,0.10606060606060606,17.94871794871795
regression,Variance,Test (Batch 3),44,12.814065365319655,151.46160963905402,230.40453385562,,
regression,Discharge,Test (Batch 3),44,10.522704867899511,120.2190895761409,174.1265823351984,,
regression,Full,Test (Batch 3),44,10.041240546042172,122.27180844210902,195.41791073106359,,
regression,Selected,Test (Batch 3),44,10.522704867899511,120.2190895761409,174.1265823351984,,
binary_550,Variance,Test (Batch 3),44,,,,0.4942528735632184,97.72727272727273
binary_550,Full,Test (Batch 3),44,,,,0.4942528735632184,97.72727272727273
three_500_1000,Full,Test (Batch 3),44,,,,0.4610961365678347,70.45454545454545
