task,family,fold,role,cell_id,policy
regression,Variance,1,train,5,4.4C(80%)-4.4C
regression,Variance,1,train,9,5.4C(40%)-3.6C
regression,Variance,1,train,11,5.4C(50%)-3C
regression,Variance,1,train,14,5.4C(60%)-3C
regression,Variance,1,train,15,5.4C(60%)-3C
regression,Variance,1,train,18,5.4C(70%)-3C
regression,Variance,1,train,19,5.4C(70%)-3C
regression,Variance,1,train,20,5.4C(80%)-5.4C
regression,Variance,1,train,21,5.4C(80%)-5.4C
regression,Variance,1,train,24,6C(40%)-3C
regression,Variance,1,train,25,6C(40%)-3C
regression,Variance,1,train,30,6C(50%)-3.6C
regression,Variance,1,train,31,6C(50%)-3.6C
regression,Variance,1,train,34,7C(30%)-3.6C
regression,Variance,1,train,35,7C(30%)-3.6C
regression,Variance,1,train,36,7C(40%)-3C
regression,Variance,1,train,37,7C(40%)-3C
regression,Variance,1,train,40,8C(15%)-3.6C
regression,Variance,1,train,41,8C(15%)-3.6C
regression,Variance,1,train,42,8C(25%)-3.6C
regression,Variance,1,train,43,8C(25%)-3.6C
regression,Variance,1,valid,16,5.4C(60%)-3.6C
regression,Variance,1,valid,17,5.4C(60%)-3.6C
regression,Variance,1,valid,26,6C(40%)-3.6C
regression,Variance,1,valid,27,6C(40%)-3.6C
regression,Variance,1,valid,38,7C(40%)-3.6C
regression,Variance,1,valid,39,7C(40%)-3.6C
regression,Variance,1,valid,44,8C(35%)-3.6C
regression,Variance,1,valid,45,8C(35%)-3.6C
regression,Variance,2,train,5,4.4C(80%)-4.4C
regression,Variance,2,train,9,5.4C(40%)-3.6C
regression,Variance,2,train,14,5.4C(60%)-3C
regression,Variance,2,train,15,5.4C(60%)-3C
regression,Variance,2,train,16,5.4C(60%)-3.6C
regression,Variance,2,train,17,5.4C(60%)-3.6C
regression,Variance,2,train,18,5.4C(70%)-3C
regression,Variance,2,train,19,5.4C(70%)-3C
regression,Variance,2,train,24,6C(40%)-3C
regression,Variance,2,train,25,6C(40%)-3C
regression,Variance,2,train,26,6C(40%)-3.6C
regression,Variance,2,train,27,6C(40%)-3.6C
regression,Variance,2,train,30,6C(50%)-3.6C
regression,Variance,2,train,31,6C(50%)-3.6C
regression,Variance,2,train,36,7C(40%)-3C
regression,Variance,2,train,37,7C(40%)-3C
regression,Variance,2,train,38,7C(40%)-3.6C
regression,Variance,2,train,39,7C(40%)-3.6C
regression,Variance,2,train,40,8C(15%)-3.6C
regression,Variance,2,train,41,8C(15%)-3.6C
regression,Variance,2,train,44,8C(35%)-3.6C
regression,Variance,2,train,45,8C(35%)-3.6C
regression,Variance,2,valid,11,5.4C(50%)-3C
regression,Variance,2,valid,20,5.4C(80%)-5.4C
regression,Variance,2,valid,21,5.4C(80%)-5.4C
regression,Variance,2,valid,34,7C(30%)-3.6C
regression,Variance,2,valid,35,7C(30%)-3.6C
regression,Variance,2,valid,42,8C(25%)-3.6C
regression,Variance,2,valid,43,8C(25%)-3.6C
regression,Variance,3,train,5,4.4C(80%)-4.4C
regression,Variance,3,train,11,5.4C(50%)-3C
regression,Variance,3,train,14,5.4C(60%)-3C
regression,Variance,3,train,15,5.4C(60%)-3C
regression,Variance,3,train,16,5.4C(60%)-3.6C
regression,Variance,3,train,17,5.4C(60%)-3.6C
regression,Variance,3,train,20,5.4C(80%)-5.4C
regression,Variance,3,train,21,5.4C(80%)-5.4C
regression,Variance,3,train,24,6C(40%)-3C
regression,Variance,3,train,25,6C(40%)-3C
regression,Variance,3,train,26,6C(40%)-3.6C
regression,Variance,3,train,27,6C(40%)-3.6C
regression,Variance,3,train,34,7C(30%)-3.6C
regression,Variance,3,train,35,7C(30%)-3.6C
regression,Variance,3,train,36,7C(40%)-3C
regression,Variance,3,train,37,7C(40%)-3C
regression,Variance,3,train,38,7C(40%)-3.6C
regression,Variance,3,train,39,7C(40%)-3.6C
regression,Variance,3,train,42,8C(25%)-3.6C
regression,Variance,3,train,43,8C(25%)-3.6C
regression,Variance,3,train,44,8C(35%)-3.6C
regression,Variance,3,train,45,8C(35%)-3.6C
regression,Variance,3,valid,9,5.4C(40%)-3.6C
regression,Variance,3,valid,18,5.4C(70%)-3C
regression,Variance,3,valid,19,5.4C(70%)-3C
regression,Variance,3,valid,30,6C(50%)-3.6C
regression,Variance,3,valid,31,6C(50%)-3.6C
regression,Variance,3,valid,40,8C(15%)-3.6C
regression,Variance,3,valid,41,8C(15%)-3.6C
regression,Variance,4,train,9,5.4C(40%)-3.6C
regression,Variance,4,train,11,5.4C(50%)-3C
regression,Variance,4,train,16,5.4C(60%)-3.6C
regression,Variance,4,train,17,5.4C(60%)-3.6C
regression,Variance,4,train,18,5.4C(70%)-3C
regression,Variance,4,train,19,5.4C(70%)-3C
regression,Variance,4,train,20,5.4C(80%)-5.4C
regression,Variance,4,train,21,5.4C(80%)-5.4C
regression,Variance,4,train,26,6C(40%)-3.6C
regression,Variance,4,train,27,6C(40%)-3.6C
regression,Variance,4,train,30,6C(50%)-3.6C
regression,Variance,4,train,31,6C(50%)-3.6C
regression,Variance,4,train,34,7C(30%)-3.6C
regression,Variance,4,train,35,7C(30%)-3.6C
regression,Variance,4,train,38,7C(40%)-3.6C
regression,Variance,4,train,39,7C(40%)-3.6C
regression,Variance,4,train,40,8C(15%)-3.6C
regression,Variance,4,train,41,8C(15%)-3.6C
regression,Variance,4,train,42,8C(25%)-3.6C
regression,Variance,4,train,43,8C(25%)-3.6C
regression,Variance,4,train,44,8C(35%)-3.6C
regression,Variance,4,train,45,8C(35%)-3.6C
regression,Variance,4,valid,5,4.4C(80%)-4.4C
regression,Variance,4,valid,14,5.4C(60%)-3C
regression,Variance,4,valid,15,5.4C(60%)-3C
regression,Variance,4,valid,24,6C(40%)-3C
regression,Variance,4,valid,25,6C(40%)-3C
regression,Variance,4,valid,36,7C(40%)-3C
regression,Variance,4,valid,37,7C(40%)-3C
regression,Discharge,1,train,5,4.4C(80%)-4.4C
regression,Discharge,1,train,9,5.4C(40%)-3.6C
regression,Discharge,1,train,11,5.4C(50%)-3C
regression,Discharge,1,train,14,5.4C(60%)-3C
regression,Discharge,1,train,15,5.4C(60%)-3C
regression,Discharge,1,train,18,5.4C(70%)-3C
regression,Discharge,1,train,19,5.4C(70%)-3C
regression,Discharge,1,train,20,5.4C(80%)-5.4C
regression,Discharge,1,train,21,5.4C(80%)-5.4C
regression,Discharge,1,train,24,6C(40%)-3C
regression,Discharge,1,train,25,6C(40%)-3C
regression,Discharge,1,train,30,6C(50%)-3.6C
regression,Discharge,1,train,31,6C(50%)-3.6C
regression,Discharge,1,train,34,7C(30%)-3.6C
regression,Discharge,1,train,35,7C(30%)-3.6C
regression,Discharge,1,train,36,7C(40%)-3C
regression,Discharge,1,train,37,7C(40%)-3C
regression,Discharge,1,train,40,8C(15%)-3.6C
regression,Discharge,1,train,41,8C(15%)-3.6C
regression,Discharge,1,train,42,8C(25%)-3.6C
regression,Discharge,1,train,43,8C(25%)-3.6C
regression,Discharge,1,valid,16,5.4C(60%)-3.6C
regression,Discharge,1,valid,17,5.4C(60%)-3.6C
regression,Discharge,1,valid,26,6C(40%)-3.6C
regression,Discharge,1,valid,27,6C(40%)-3.6C
regression,Discharge,1,valid,38,7C(40%)-3.6C
regression,Discharge,1,valid,39,7C(40%)-3.6C
regression,Discharge,1,valid,44,8C(35%)-3.6C
regression,Discharge,1,valid,45,8C(35%)-3.6C
regression,Discharge,2,train,5,4.4C(80%)-4.4C
regression,Discharge,2,train,9,5.4C(40%)-3.6C
regression,Discharge,2,train,14,5.4C(60%)-3C
regression,Discharge,2,train,15,5.4C(60%)-3C
regression,Discharge,2,train,16,5.4C(60%)-3.6C
regression,Discharge,2,train,17,5.4C(60%)-3.6C
regression,Discharge,2,train,18,5.4C(70%)-3C
regression,Discharge,2,train,19,5.4C(70%)-3C
regression,Discharge,2,train,24,6C(40%)-3C
regression,Discharge,2,train,25,6C(40%)-3C
regression,Discharge,2,train,26,6C(40%)-3.6C
regression,Discharge,2,train,27,6C(40%)-3.6C
regression,Discharge,2,train,30,6C(50%)-3.6C
regression,Discharge,2,train,31,6C(50%)-3.6C
regression,Discharge,2,train,36,7C(40%)-3C
regression,Discharge,2,train,37,7C(40%)-3C
regression,Discharge,2,train,38,7C(40%)-3.6C
regression,Discharge,2,train,39,7C(40%)-3.6C
regression,Discharge,2,train,40,8C(15%)-3.6C
regression,Discharge,2,train,41,8C(15%)-3.6C
regression,Discharge,2,train,44,8C(35%)-3.6C
regression,Discharge,2,train,45,8C(35%)-3.6C
regression,Discharge,2,valid,11,5.4C(50%)-3C
regression,Discharge,2,valid,20,5.4C(80%)-5.4C
regression,Discharge,2,valid,21,5.4C(80%)-5.4C
regression,Discharge,2,valid,34,7C(30%)-3.6C
regression,Discharge,2,valid,35,7C(30%)-3.6C
regression,Discharge,2,valid,42,8C(25%)-3.6C
regression,Discharge,2,valid,43,8C(25%)-3.6C
regression,Discharge,3,train,5,4.4C(80%)-4.4C
regression,Discharge,3,train,11,5.4C(50%)-3C
regression,Discharge,3,train,14,5.4C(60%)-3C
regression,Discharge,3,train,15,5.4C(60%)-3C
regression,Discharge,3,train,16,5.4C(60%)-3.6C
regression,Discharge,3,train,17,5.4C(60%)-3.6C
regression,Discharge,3,train,20,5.4C(80%)-5.4C
regression,Discharge,3,train,21,5.4C(80%)-5.4C
regression,Discharge,3,train,24,6C(40%)-3C
regression,Discharge,3,train,25,6C(40%)-3C
regression,Discharge,3,train,26,6C(40%)-3.6C
regression,Discharge,3,train,27,6C(40%)-3.6C
regression,Discharge,3,train,34,7C(30%)-3.6C
regression,Discharge,3,train,35,7C(30%)-3.6C
regression,Discharge,3,train,36,7C(40%)-3C
regression,Discharge,3,train,37,7C(40%)-3C
regression,Discharge,3,train,38,7C(40%)-3.6C
regression,Discharge,3,train,39,7C(40%)-3.6C
regression,Discharge,3,train,42,8C(25%)-3.6C
regression,Discharge,3,train,43,8C(25%)-3.6C
regression,Discharge,3,train,44,8C(35%)-3.6C
regression,Discharge,3,train,45,8C(35%)-3.6C
regression,Discharge,3,valid,9,5.4C(40%)-3.6C
regression,Discharge,3,valid,18,5.4C(70%)-3C
regression,Discharge,3,valid,19,5.4C(70%)-3C
regression,Discharge,3,valid,30,6C(50%)-3.6C
regression,Discharge,3,valid,31,6C(50%)-3.6C
regression,Discharge,3,valid,40,8C(15%)-3.6C
regression,Discharge,3,valid,41,8C(15%)-3.6C
regression,Discharge,4,train,9,5.4C(40%)-3.6C
regression,Discharge,4,train,11,5.4C(50%)-3C
regression,Discharge,4,train,16,5.4C(60%)-3.6C
regression,Discharge,4,train,17,5.4C(60%)-3.6C
regression,Discharge,4,train,18,5.4C(70%)-3C
regression,Discharge,4,train,19,5.4C(70%)-3C
regression,Discharge,4,train,20,5.4C(80%)-5.4C
regression,Discharge,4,train,21,5.4C(80%)-5.4C
regression,Discharge,4,train,26,6C(40%)-3.6C
regression,Discharge,4,train,27,6C(40%)-3.6C
regression,Discharge,4,train,30,6C(50%)-3.6C
regression,Discharge,4,train,31,6C(50%)-3.6C
regression,Discharge,4,train,34,7C(30%)-3.6C
regression,Discharge,4,train,35,7C(30%)-3.6C
regression,Discharge,4,train,38,7C(40%)-3.6C
regression,Discharge,4,train,39,7C(40%)-3.6C
regression,Discharge,4,train,40,8C(15%)-3.6C
regression,Discharge,4,train,41,8C(15%)-3.6C
regression,Discharge,4,train,42,8C(25%)-3.6C
regression,Discharge,4,train,43,8C(25%)-3.6C
regression,Discharge,4,train,44,8C(35%)-3.6C
regression,Discharge,4,train,45,8C(35%)-3.6C
regression,Discharge,4,valid,5,4.4C(80%)-4.4C
regression,Discharge,4,valid,14,5.4C(60%)-3C
regression,Discharge,4,valid,15,5.4C(60%)-3C
regression,Discharge,4,valid,24,6C(40%)-3C
regression,Discharge,4,valid,25,6C(40%)-3C
regression,Discharge,4,valid,36,7C(40%)-3C
regression,Discharge,4,valid,37,7C(40%)-3C
regression,Full,1,train,5,4.4C(80%)-4.4C
regression,Full,1,train,9,5.4C(40%)-3.6C
regression,Full,1,train,11,5.4C(50%)-3C
regression,Full,1,train,14,5.4C(60%)-3C
regression,Full,1,train,15,5.4C(60%)-3C
regression,Full,1,train,18,5.4C(70%)-3C
regression,Full,1,train,19,5.4C(70%)-3C
regression,Full,1,train,20,5.4C(80%)-5.4C
regression,Full,1,train,21,5.4C(80%)-5.4C
regression,Full,1,train,24,6C(40%)-3C
regression,Full,1,train,25,6C(40%)-3C
regression,Full,1,train,30,6C(50%)-3.6C
regression,Full,1,train,31,6C(50%)-3.6C
regression,Full,1,train,34,7C(30%)-3.6C
regression,Full,1,train,35,7C(30%)-3.6C
regression,Full,1,train,36,7C(40%)-3C
regression,Full,1,train,37,7C(40%)-3C
regression,Full,1,train,40,8C(15%)-3.6C
regression,Full,1,train,41,8C(15%)-3.6C
regression,Full,1,train,42,8C(25%)-3.6C
regression,Full,1,train,43,8C(25%)-3.6C
regression,Full,1,valid,16,5.4C(60%)-3.6C
regression,Full,1,valid,17,5.4C(60%)-3.6C
regression,Full,1,valid,26,6C(40%)-3.6C
regression,Full,1,valid,27,6C(40%)-3.6C
regression,Full,1,valid,38,7C(40%)-3.6C
regression,Full,1,valid,39,7C(40%)-3.6C
regression,Full,1,valid,44,8C(35%)-3.6C
regression,Full,1,valid,45,8C(35%)-3.6C
regression,Full,2,train,5,4.4C(80%)-4.4C
regression,Full,2,train,9,5.4C(40%)-3.6C
regression,Full,2,train,14,5.4C(60%)-3C
regression,Full,2,train,15,5.4C(60%)-3C
regression,Full,2,train,16,5.4C(60%)-3.6C
regression,Full,2,train,17,5.4C(60%)-3.6C
regression,Full,2,train,18,5.4C(70%)-3C
regression,Full,2,train,19,5.4C(70%)-3C
regression,Full,2,train,24,6C(40%)-3C
regression,Full,2,train,25,6C(40%)-3C
regression,Full,2,train,26,6C(40%)-3.6C
regression,Full,2,train,27,6C(40%)-3.6C
regression,Full,2,train,30,6C(50%)-3.6C
regression,Full,2,train,31,6C(50%)-3.6C
regression,Full,2,train,36,7C(40%)-3C
regression,Full,2,train,37,7C(40%)-3C
regression,Full,2,train,38,7C(40%)-3.6C
regression,Full,2,train,39,7C(40%)-3.6C
regression,Full,2,train,40,8C(15%)-3.6C
regression,Full,2,train,41,8C(15%)-3.6C
regression,Full,2,train,44,8C(35%)-3.6C
regression,Full,2,train,45,8C(35%)-3.6C
regression,Full,2,valid,11,5.4C(50%)-3C
regression,Full,2,valid,20,5.4C(80%)-5.4C
regression,Full,2,valid,21,5.4C(80%)-5.4C
regression,Full,2,valid,34,7C(30%)-3.6C
regression,Full,2,valid,35,7C(30%)-3.6C
regression,Full,2,valid,42,8C(25%)-3.6C
regression,Full,2,valid,43,8C(25%)-3.6C
regression,Full,3,train,5,4.4C(80%)-4.4C
regression,Full,3,train,11,5.4C(50%)-3C
regression,Full,3,train,14,5.4C(60%)-3C
regression,Full,3,train,15,5.4C(60%)-3C
regression,Full,3,train,16,5.4C(60%)-3.6C
regression,Full,3,train,17,5.4C(60%)-3.6C
regression,Full,3,train,20,5.4C(80%)-5.4C
regression,Full,3,train,21,5.4C(80%)-5.4C
regression,Full,3,train,24,6C(40%)-3C
regression,Full,3,train,25,6C(40%)-3C
regression,Full,3,train,26,6C(40%)-3.6C
regression,Full,3,train,27,6C(40%)-3.6C
regression,Full,3,train,34,7C(30%)-3.6C
regression,Full,3,train,35,7C(30%)-3.6C
regression,Full,3,train,36,7C(40%)-3C
regression,Full,3,train,37,7C(40%)-3C
regression,Full,3,train,38,7C(40%)-3.6C
regression,Full,3,train,39,7C(40%)-3.6C
regression,Full,3,train,42,8C(25%)-3.6C
regression,Full,3,train,43,8C(25%)-3.6C
regression,Full,3,train,44,8C(35%)-3.6C
regression,Full,3,train,45,8C(35%)-3.6C
regression,Full,3,valid,9,5.4C(40%)-3.6C
regression,Full,3,valid,18,5.4C(70%)-3C
regression,Full,3,valid,19,5.4C(70%)-3C
regression,Full,3,valid,30,6C(50%)-3.6C
regression,Full,3,valid,31,6C(50%)-3.6C
regression,Full,3,valid,40,8C(15%)-3.6C
regression,Full,3,valid,41,8C(15%)-3.6C
regression,Full,4,train,9,5.4C(40%)-3.6C
regression,Full,4,train,11,5.4C(50%)-3C
regression,Full,4,train,16,5.4C(60%)-3.6C
regression,Full,4,train,17,5.4C(60%)-3.6C
regression,Full,4,train,18,5.4C(70%)-3C
regression,Full,4,train,19,5.4C(70%)-3C
regression,Full,4,train,20,5.4C(80%)-5.4C
regression,Full,4,train,21,5.4C(80%)-5.4C
regression,Full,4,train,26,6C(40%)-3.6C
regression,Full,4,train,27,6C(40%)-3.6C
regression,Full,4,train,30,6C(50%)-3.6C
regression,Full,4,train,31,6C(50%)-3.6C
regression,Full,4,train,34,7C(30%)-3.6C
regression,Full,4,train,35,7C(30%)-3.6C
regression,Full,4,train,38,7C(40%)-3.6C
regression,Full,4,train,39,7C(40%)-3.6C
regression,Full,4,train,40,8C(15%)-3.6C
regression,Full,4,train,41,8C(15%)-3.6C
regression,Full,4,train,42,8C(25%)-3.6C
regression,Full,4,train,43,8C(25%)-3.6C
regression,Full,4,train,44,8C(35%)-3.6C
regression,Full,4,train,45,8C(35%)-3.6C
regression,Full,4,valid,5,4.4C(80%)-4.4C
regression,Full,4,valid,14,5.4C(60%)-3C
regression,Full,4,valid,15,5.4C(60%)-3C
regression,Full,4,valid,24,6C(40%)-3C
regression,Full,4,valid,25,6C(40%)-3C
regression,Full,4,valid,36,7C(40%)-3C
regression,Full,4,valid,37,7C(40%)-3C
regression,Selected,1,train,5,4.4C(80%)-4.4C
regression,Selected,1,train,9,5.4C(40%)-3.6C
regression,Selected,1,train,11,5.4C(50%)-3C
regression,Selected,1,train,14,5.4C(60%)-3C
regression,Selected,1,train,15,5.4C(60%)-3C
regression,Selected,1,train,18,5.4C(70%)-3C
regression,Selected,1,train,19,5.4C(70%)-3C
regression,Selected,1,train,20,5.4C(80%)-5.4C
regression,Selected,1,train,21,5.4C(80%)-5.4C
regression,Selected,1,train,24,6C(40%)-3C
regression,Selected,1,train,25,6C(40%)-3C
regression,Selected,1,train,30,6C(50%)-3.6C
regression,Selected,1,train,31,6C(50%)-3.6C
regression,Selected,1,train,34,7C(30%)-3.6C
regression,Selected,1,train,35,7C(30%)-3.6C
regression,Selected,1,train,36,7C(40%)-3C
regression,Selected,1,train,37,7C(40%)-3C
regression,Selected,1,train,40,8C(15%)-3.6C
regression,Selected,1,train,41,8C(15%)-3.6C
regression,Selected,1,train,42,8C(25%)-3.6C
regression,Selected,1,train,43,8C(25%)-3.6C
regression,Selected,1,valid,16,5.4C(60%)-3.6C
regression,Selected,1,valid,17,5.4C(60%)-3.6C
regression,Selected,1,valid,26,6C(40%)-3.6C
regression,Selected,1,valid,27,6C(40%)-3.6C
regression,Selected,1,valid,38,7C(40%)-3.6C
regression,Selected,1,valid,39,7C(40%)-3.6C
regression,Selected,1,valid,44,8C(35%)-3.6C
regression,Selected,1,valid,45,8C(35%)-3.6C
regression,Selected,2,train,5,4.4C(80%)-4.4C
regression,Selected,2,train,9,5.4C(40%)-3.6C
regression,Selected,2,train,14,5.4C(60%)-3C
regression,Selected,2,train,15,5.4C(60%)-3C
regression,Selected,2,train,16,5.4C(60%)-3.6C
regression,Selected,2,train,17,5.4C(60%)-3.6C
regression,Selected,2,train,18,5.4C(70%)-3C
regression,Selected,2,train,19,5.4C(70%)-3C
regression,Selected,2,train,24,6C(40%)-3C
regression,Selected,2,train,25,6C(40%)-3C
regression,Selected,2,train,26,6C(40%)-3.6C
regression,Selected,2,train,27,6C(40%)-3.6C
regression,Selected,2,train,30,6C(50%)-3.6C
regression,Selected,2,train,31,6C(50%)-3.6C
regression,Selected,2,train,36,7C(40%)-3C
regression,Selected,2,train,37,7C(40%)-3C
regression,Selected,2,train,38,7C(40%)-3.6C
regression,Selected,2,train,39,7C(40%)-3.6C
regression,Selected,2,train,40,8C(15%)-3.6C
regression,Selected,2,train,41,8C(15%)-3.6C
regression,Selected,2,train,44,8C(35%)-3.6C
regression,Selected,2,train,45,8C(35%)-3.6C
regression,Selected,2,valid,11,5.4C(50%)-3C
regression,Selected,2,valid,20,5.4C(80%)-5.4C
regression,Selected,2,valid,21,5.4C(80%)-5.4C
regression,Selected,2,valid,34,7C(30%)-3.6C
regression,Selected,2,valid,35,7C(30%)-3.6C
regression,Selected,2,valid,42,8C(25%)-3.6C
regression,Selected,2,valid,43,8C(25%)-3.6C
regression,Selected,3,train,5,4.4C(80%)-4.4C
regression,Selected,3,train,11,5.4C(50%)-3C
regression,Selected,3,train,14,5.4C(60%)-3C
regression,Selected,3,train,15,5.4C(60%)-3C
regression,Selected,3,train,16,5.4C(60%)-3.6C
regression,Selected,3,train,17,5.4C(60%)-3.6C
regression,Selected,3,train,20,5.4C(80%)-5.4C
regression,Selected,3,train,21,5.4C(80%)-5.4C
regression,Selected,3,train,24,6C(40%)-3C
regression,Selected,3,train,25,6C(40%)-3C
regression,Selected,3,train,26,6C(40%)-3.6C
regression,Selected,3,train,27,6C(40%)-3.6C
regression,Selected,3,train,34,7C(30%)-3.6C
regression,Selected,3,train,35,7C(30%)-3.6C
regression,Selected,3,train,36,7C(40%)-3C
regression,Selected,3,train,37,7C(40%)-3C
regression,Selected,3,train,38,7C(40%)-3.6C
regression,Selected,3,train,39,7C(40%)-3.6C
regression,Selected,3,train,42,8C(25%)-3.6C
regression,Selected,3,train,43,8C(25%)-3.6C
regression,Selected,3,train,44,8C(35%)-3.6C
regression,Selected,3,train,45,8C(35%)-3.6C
regression,Selected,3,valid,9,5.4C(40%)-3.6C
regression,Selected,3,valid,18,5.4C(70%)-3C
regression,Selected,3,valid,19,5.4C(70%)-3C
regression,Selected,3,valid,30,6C(50%)-3.6C
regression,Selected,3,valid,31,6C(50%)-3.6C
regression,Selected,3,valid,40,8C(15%)-3.6C
regression,Selected,3,valid,41,8C(15%)-3.6C
regression,Selected,4,train,9,5.4C(40%)-3.6C
regression,Selected,4,train,11,5.4C(50%)-3C
regression,Selected,4,train,16,5.4C(60%)-3.6C
regression,Selected,4,train,17,5.4C(60%)-3.6C
regression,Selected,4,train,18,5.4C(70%)-3C
regression,Selected,4,train,19,5.4C(70%)-3C
regression,Selected,4,train,20,5.4C(80%)-5.4C
regression,Selected,4,train,21,5.4C(80%)-5.4C
regression,Selected,4,train,26,6C(40%)-3.6C
regression,Selected,4,train,27,6C(40%)-3.6C
regression,Selected,4,train,30,6C(50%)-3.6C
regression,Selected,4,train,31,6C(50%)-3.6C
regression,Selected,4,train,34,7C(30%)-3.6C
regression,Selected,4,train,35,7C(30%)-3.6C
regression,Selected,4,train,38,7C(40%)-3.6C
regression,Selected,4,train,39,7C(40%)-3.6C
regression,Selected,4,train,40,8C(15%)-3.6C
regression,Selected,4,train,41,8C(15%)-3.6C
regression,Selected,4,train,42,8C(25%)-3.6C
regression,Selected,4,train,43,8C(25%)-3.6C
regression,Selected,4,train,44,8C(35%)-3.6C
regression,Selected,4,train,45,8C(35%)-3.6C
regression,Selected,4,valid,5,4.4C(80%)-4.4C
regression,Selected,4,valid,14,5.4C(60%)-3C
regression,Selected,4,valid,15,5.4C(60%)-3C
regression,Selected,4,valid,24,6C(40%)-3C
regression,Selected,4,valid,25,6C(40%)-3C
regression,Selected,4,valid,36,7C(40%)-3C
regression,Selected,4,valid,37,7C(40%)-3C
binary_550,Variance,1,train,5,4.4C(80%)-4.4C
binary_550,Variance,1,train,9,5.4C(40%)-3.6C
binary_550,Variance,1,train,11,5.4C(50%)-3C
binary_550,Variance,1,train,14,5.4C(60%)-3C
binary_550,Variance,1,train,15,5.4C(60%)-3C
binary_550,Variance,1,train,18,5.4C(70%)-3C
binary_550,Variance,1,train,19,5.4C(70%)-3C
binary_550,Variance,1,train,20,5.4C(80%)-5.4C
binary_550,Variance,1,train,21,5.4C(80%)-5.4C
binary_550,Variance,1,train,24,6C(40%)-3C
binary_550,Variance,1,train,25,6C(40%)-3C
binary_550,Variance,1,train,30,6C(50%)-3.6C
binary_550,Variance,1,train,31,6C(50%)-3.6C
binary_550,Variance,1,train,34,7C(30%)-3.6C
binary_550,Variance,1,train,35,7C(30%)-3.6C
binary_550,Variance,1,train,36,7C(40%)-3C
binary_550,Variance,1,train,37,7C(40%)-3C
binary_550,Variance,1,train,40,8C(15%)-3.6C
binary_550,Variance,1,train,41,8C(15%)-3.6C
binary_550,Variance,1,train,42,8C(25%)-3.6C
binary_550,Variance,1,train,43,8C(25%)-3.6C
binary_550,Variance,1,valid,16,5.4C(60%)-3.6C
binary_550,Variance,1,valid,17,5.4C(60%)-3.6C
binary_550,Variance,1,valid,26,6C(40%)-3.6C
binary_550,Variance,1,valid,27,6C(40%)-3.6C
binary_550,Variance,1,valid,38,7C(40%)-3.6C
binary_550,Variance,1,valid,39,7C(40%)-3.6C
binary_550,Variance,1,valid,44,8C(35%)-3.6C
binary_550,Variance,1,valid,45,8C(35%)-3.6C
binary_550,Variance,2,train,5,4.4C(80%)-4.4C
binary_550,Variance,2,train,9,5.4C(40%)-3.6C
binary_550,Variance,2,train,14,5.4C(60%)-3C
binary_550,Variance,2,train,15,5.4C(60%)-3C
binary_550,Variance,2,train,16,5.4C(60%)-3.6C
binary_550,Variance,2,train,17,5.4C(60%)-3.6C
binary_550,Variance,2,train,18,5.4C(70%)-3C
binary_550,Variance,2,train,19,5.4C(70%)-3C
binary_550,Variance,2,train,24,6C(40%)-3C
binary_550,Variance,2,train,25,6C(40%)-3C
binary_550,Variance,2,train,26,6C(40%)-3.6C
binary_550,Variance,2,train,27,6C(40%)-3.6C
binary_550,Variance,2,train,30,6C(50%)-3.6C
binary_550,Variance,2,train,31,6C(50%)-3.6C
binary_550,Variance,2,train,36,7C(40%)-3C
binary_550,Variance,2,train,37,7C(40%)-3C
binary_550,Variance,2,train,38,7C(40%)-3.6C
binary_550,Variance,2,train,39,7C(40%)-3.6C
binary_550,Variance,2,train,40,8C(15%)-3.6C
binary_550,Variance,2,train,41,8C(15%)-3.6C
binary_550,Variance,2,train,44,8C(35%)-3.6C
binary_550,Variance,2,train,45,8C(35%)-3.6C
binary_550,Variance,2,valid,11,5.4C(50%)-3C
binary_550,Variance,2,valid,20,5.4C(80%)-5.4C
binary_550,Variance,2,valid,21,5.4C(80%)-5.4C
binary_550,Variance,2,valid,34,7C(30%)-3.6C
binary_550,Variance,2,valid,35,7C(30%)-3.6C
binary_550,Variance,2,valid,42,8C(25%)-3.6C
binary_550,Variance,2,valid,43,8C(25%)-3.6C
binary_550,Variance,3,train,5,4.4C(80%)-4.4C
binary_550,Variance,3,train,11,5.4C(50%)-3C
binary_550,Variance,3,train,14,5.4C(60%)-3C
binary_550,Variance,3,train,15,5.4C(60%)-3C
binary_550,Variance,3,train,16,5.4C(60%)-3.6C
binary_550,Variance,3,train,17,5.4C(60%)-3.6C
binary_550,Variance,3,train,20,5.4C(80%)-5.4C
binary_550,Variance,3,train,21,5.4C(80%)-5.4C
binary_550,Variance,3,train,24,6C(40%)-3C
binary_550,Variance,3,train,25,6C(40%)-3C
binary_550,Variance,3,train,26,6C(40%)-3.6C
binary_550,Variance,3,train,27,6C(40%)-3.6C
binary_550,Variance,3,train,34,7C(30%)-3.6C
binary_550,Variance,3,train,35,7C(30%)-3.6C
binary_550,Variance,3,train,36,7C(40%)-3C
binary_550,Variance,3,train,37,7C(40%)-3C
binary_550,Variance,3,train,38,7C(40%)-3.6C
binary_550,Variance,3,train,39,7C(40%)-3.6C
binary_550,Variance,3,train,42,8C(25%)-3.6C
binary_550,Variance,3,train,43,8C(25%)-3.6C
binary_550,Variance,3,train,44,8C(35%)-3.6C
binary_550,Variance,3,train,45,8C(35%)-3.6C
binary_550,Variance,3,valid,9,5.4C(40%)-3.6C
binary_550,Variance,3,valid,18,5.4C(70%)-3C
binary_550,Variance,3,valid,19,5.4C(70%)-3C
binary_550,Variance,3,valid,30,6C(50%)-3.6C
binary_550,Variance,3,valid,31,6C(50%)-3.6C
binary_550,Variance,3,valid,40,8C(15%)-3.6C
binary_550,Variance,3,valid,41,8C(15%)-3.6C
binary_550,Variance,4,train,9,5.4C(40%)-3.6C
binary_550,Variance,4,train,11,5.4C(50%)-3C
binary_550,Variance,4,train,16,5.4C(60%)-3.6C
binary_550,Variance,4,train,17,5.4C(60%)-3.6C
binary_550,Variance,4,train,18,5.4C(70%)-3C
binary_550,Variance,4,train,19,5.4C(70%)-3C
binary_550,Variance,4,train,20,5.4C(80%)-5.4C
binary_550,Variance,4,train,21,5.4C(80%)-5.4C
binary_550,Variance,4,train,26,6C(40%)-3.6C
binary_550,Variance,4,train,27,6C(40%)-3.6C
binary_550,Variance,4,train,30,6C(50%)-3.6C
binary_550,Variance,4,train,31,6C(50%)-3.6C
binary_550,Variance,4,train,34,7C(30%)-3.6C
binary_550,Variance,4,train,35,7C(30%)-3.6C
binary_550,Variance,4,train,38,7C(40%)-3.6C
binary_550,Variance,4,train,39,7C(40%)-3.6C
binary_550,Variance,4,train,40,8C(15%)-3.6C
binary_550,Variance,4,train,41,8C(15%)-3.6C
binary_550,Variance,4,train,42,8C(25%)-3.6C
binary_550,Variance,4,train,43,8C(25%)-3.6C
binary_550,Variance,4,train,44,8C(35%)-3.6C
binary_550,Variance,4,train,45,8C(35%)-3.6C
binary_550,Variance,4,valid,5,4.4C(80%)-4.4C
binary_550,Variance,4,valid,14,5.4C(60%)-3C
binary_550,Variance,4,valid,15,5.4C(60%)-3C
binary_550,Variance,4,valid,24,6C(40%)-3C
binary_550,Variance,4,valid,25,6C(40%)-3C
binary_550,Variance,4,valid,36,7C(40%)-3C
binary_550,Variance,4,valid,37,7C(40%)-3C
binary_550,Full,1,train,5,4.4C(80%)-4.4C
binary_550,Full,1,train,9,5.4C(40%)-3.6C
binary_550,Full,1,train,11,5.4C(50%)-3C
binary_550,Full,1,train,14,5.4C(60%)-3C
binary_550,Full,1,train,15,5.4C(60%)-3C
binary_550,Full,1,train,18,5.4C(70%)-3C
binary_550,Full,1,train,19,5.4C(70%)-3C
binary_550,Full,1,train,20,5.4C(80%)-5.4C
binary_550,Full,1,train,21,5.4C(80%)-5.4C
binary_550,Full,1,train,24,6C(40%)-3C
binary_550,Full,1,train,25,6C(40%)-3C
binary_550,Full,1,train,30,6C(50%)-3.6C
binary_550,Full,1,train,31,6C(50%)-3.6C
binary_550,Full,1,train,34,7C(30%)-3.6C
binary_550,Full,1,train,35,7C(30%)-3.6C
binary_550,Full,1,train,36,7C(40%)-3C
binary_550,Full,1,train,37,7C(40%)-3C
binary_550,Full,1,train,40,8C(15%)-3.6C
binary_550,Full,1,train,41,8C(15%)-3.6C
binary_550,Full,1,train,42,8C(25%)-3.6C
binary_550,Full,1,train,43,8C(25%)-3.6C
binary_550,Full,1,valid,16,5.4C(60%)-3.6C
binary_550,Full,1,valid,17,5.4C(60%)-3.6C
binary_550,Full,1,valid,26,6C(40%)-3.6C
binary_550,Full,1,valid,27,6C(40%)-3.6C
binary_550,Full,1,valid,38,7C(40%)-3.6C
binary_550,Full,1,valid,39,7C(40%)-3.6C
binary_550,Full,1,valid,44,8C(35%)-3.6C
binary_550,Full,1,valid,45,8C(35%)-3.6C
binary_550,Full,2,train,5,4.4C(80%)-4.4C
binary_550,Full,2,train,9,5.4C(40%)-3.6C
binary_550,Full,2,train,14,5.4C(60%)-3C
binary_550,Full,2,train,15,5.4C(60%)-3C
binary_550,Full,2,train,16,5.4C(60%)-3.6C
binary_550,Full,2,train,17,5.4C(60%)-3.6C
binary_550,Full,2,train,18,5.4C(70%)-3C
binary_550,Full,2,train,19,5.4C(70%)-3C
binary_550,Full,2,train,24,6C(40%)-3C
binary_550,Full,2,train,25,6C(40%)-3C
binary_550,Full,2,train,26,6C(40%)-3.6C
binary_550,Full,2,train,27,6C(40%)-3.6C
binary_550,Full,2,train,30,6C(50%)-3.6C
binary_550,Full,2,train,31,6C(50%)-3.6C
binary_550,Full,2,train,36,7C(40%)-3C
binary_550,Full,2,train,37,7C(40%)-3C
binary_550,Full,2,train,38,7C(40%)-3.6C
binary_550,Full,2,train,39,7C(40%)-3.6C
binary_550,Full,2,train,40,8C(15%)-3.6C
binary_550,Full,2,train,41,8C(15%)-3.6C
binary_550,Full,2,train,44,8C(35%)-3.6C
binary_550,Full,2,train,45,8C(35%)-3.6C
binary_550,Full,2,valid,11,5.4C(50%)-3C
binary_550,Full,2,valid,20,5.4C(80%)-5.4C
binary_550,Full,2,valid,21,5.4C(80%)-5.4C
binary_550,Full,2,valid,34,7C(30%)-3.6C
binary_550,Full,2,valid,35,7C(30%)-3.6C
binary_550,Full,2,valid,42,8C(25%)-3.6C
binary_550,Full,2,valid,43,8C(25%)-3.6C
binary_550,Full,3,train,5,4.4C(80%)-4.4C
binary_550,Full,3,train,11,5.4C(50%)-3C
binary_550,Full,3,train,14,5.4C(60%)-3C
binary_550,Full,3,train,15,5.4C(60%)-3C
binary_550,Full,3,train,16,5.4C(60%)-3.6C
binary_550,Full,3,train,17,5.4C(60%)-3.6C
binary_550,Full,3,train,20,5.4C(80%)-5.4C
binary_550,Full,3,train,21,5.4C(80%)-5.4C
binary_550,Full,3,train,24,6C(40%)-3C
binary_550,Full,3,train,25,6C(40%)-3C
binary_550,Full,3,train,26,6C(40%)-3.6C
binary_550,Full,3,train,27,6C(40%)-3.6C
binary_550,Full,3,train,34,7C(30%)-3.6C
binary_550,Full,3,train,35,7C(30%)-3.6C
binary_550,Full,3,train,36,7C(40%)-3C
binary_550,Full,3,train,37,7C(40%)-3C
binary_550,Full,3,train,38,7C(40%)-3.6C
binary_550,Full,3,train,39,7C(40%)-3.6C
binary_550,Full,3,train,42,8C(25%)-3.6C
binary_550,Full,3,train,43,8C(25%)-3.6C
binary_550,Full,3,train,44,8C(35%)-3.6C
binary_550,Full,3,train,45,8C(35%)-3.6C
binary_550,Full,3,valid,9,5.4C(40%)-3.6C
binary_550,Full,3,valid,18,5.4C(70%)-3C
binary_550,Full,3,valid,19,5.4C(70%)-3C
binary_550,Full,3,valid,30,6C(50%)-3.6C
binary_550,Full,3,valid,31,6C(50%)-3.6C
binary_550,Full,3,valid,40,8C(15%)-3.6C
binary_550,Full,3,valid,41,8C(15%)-3.6C
binary_550,Full,4,train,9,5.4C(40%)-3.6C
binary_550,Full,4,train,11,5.4C(50%)-3C
binary_550,Full,4,train,16,5.4C(60%)-3.6C
binary_550,Full,4,train,17,5.4C(60%)-3.6C
binary_550,Full,4,train,18,5.4C(70%)-3C
binary_550,Full,4,train,19,5.4C(70%)-3C
binary_550,Full,4,train,20,5.4C(80%)-5.4C
binary_550,Full,4,train,21,5.4C(80%)-5.4C
binary_550,Full,4,train,26,6C(40%)-3.6C
binary_550,Full,4,train,27,6C(40%)-3.6C
binary_550,Full,4,train,30,6C(50%)-3.6C
binary_550,Full,4,train,31,6C(50%)-3.6C
binary_550,Full,4,train,34,7C(30%)-3.6C
binary_550,Full,4,train,35,7C(30%)-3.6C
binary_550,Full,4,train,38,7C(40%)-3.6C
binary_550,Full,4,train,39,7C(40%)-3.6C
binary_550,Full,4,train,40,8C(15%)-3.6C
binary_550,Full,4,train,41,8C(15%)-3.6C
binary_550,Full,4,train,42,8C(25%)-3.6C
binary_550,Full,4,train,43,8C(25%)-3.6C
binary_550,Full,4,train,44,8C(35%)-3.6C
binary_550,Full,4,train,45,8C(35%)-3.6C
binary_550,Full,4,valid,5,4.4C(80%)-4.4C
binary_550,Full,4,valid,14,5.4C(60%)-3C
binary_550,Full,4,valid,15,5.4C(60%)-3C
binary_550,Full,4,valid,24,6C(40%)-3C
binary_550,Full,4,valid,25,6C(40%)-3C
binary_550,Full,4,valid,36,7C(40%)-3C
binary_550,Full,4,valid,37,7C(40%)-3C
three_500_1000,Full,1,train,5,4.4C(80%)-4.4C
three_500_1000,Full,1,train,9,5.4C(40%)-3.6C
three_500_1000,Full,1,train,11,5.4C(50%)-3C
three_500_1000,Full,1,train,14,5.4C(60%)-3C
three_500_1000,Full,1,train,15,5.4C(60%)-3C
three_500_1000,Full,1,train,18,5.4C(70%)-3C
three_500_1000,Full,1,train,19,5.4C(70%)-3C
three_500_1000,Full,1,train,20,5.4C(80%)-5.4C
three_500_1000,Full,1,train,21,5.4C(80%)-5.4C
three_500_1000,Full,1,train,24,6C(40%)-3C
three_500_1000,Full,1,train,25,6C(40%)-3C
three_500_1000,Full,1,train,30,6C(50%)-3.6C
three_500_1000,Full,1,train,31,6C(50%)-3.6C
three_500_1000,Full,1,train,34,7C(30%)-3.6C
three_500_1000,Full,1,train,35,7C(30%)-3.6C
three_500_1000,Full,1,train,36,7C(40%)-3C
three_500_1000,Full,1,train,37,7C(40%)-3C
three_500_1000,Full,1,train,40,8C(15%)-3.6C
three_500_1000,Full,1,train,41,8C(15%)-3.6C
three_500_1000,Full,1,train,42,8C(25%)-3.6C
three_500_1000,Full,1,train,43,8C(25%)-3.6C
three_500_1000,Full,1,valid,16,5.4C(60%)-3.6C
three_500_1000,Full,1,valid,17,5.4C(60%)-3.6C
three_500_1000,Full,1,valid,26,6C(40%)-3.6C
three_500_1000,Full,1,valid,27,6C(40%)-3.6C
three_500_1000,Full,1,valid,38,7C(40%)-3.6C
three_500_1000,Full,1,valid,39,7C(40%)-3.6C
three_500_1000,Full,1,valid,44,8C(35%)-3.6C
three_500_1000,Full,1,valid,45,8C(35%)-3.6C
three_500_1000,Full,2,train,5,4.4C(80%)-4.4C
three_500_1000,Full,2,train,9,5.4C(40%)-3.6C
three_500_1000,Full,2,train,14,5.4C(60%)-3C
three_500_1000,Full,2,train,15,5.4C(60%)-3C
three_500_1000,Full,2,train,16,5.4C(60%)-3.6C
three_500_1000,Full,2,train,17,5.4C(60%)-3.6C
three_500_1000,Full,2,train,18,5.4C(70%)-3C
three_500_1000,Full,2,train,19,5.4C(70%)-3C
three_500_1000,Full,2,train,24,6C(40%)-3C
three_500_1000,Full,2,train,25,6C(40%)-3C
three_500_1000,Full,2,train,26,6C(40%)-3.6C
three_500_1000,Full,2,train,27,6C(40%)-3.6C
three_500_1000,Full,2,train,30,6C(50%)-3.6C
three_500_1000,Full,2,train,31,6C(50%)-3.6C
three_500_1000,Full,2,train,36,7C(40%)-3C
three_500_1000,Full,2,train,37,7C(40%)-3C
three_500_1000,Full,2,train,38,7C(40%)-3.6C
three_500_1000,Full,2,train,39,7C(40%)-3.6C
three_500_1000,Full,2,train,40,8C(15%)-3.6C
three_500_1000,Full,2,train,41,8C(15%)-3.6C
three_500_1000,Full,2,train,44,8C(35%)-3.6C
three_500_1000,Full,2,train,45,8C(35%)-3.6C
three_500_1000,Full,2,valid,11,5.4C(50%)-3C
three_500_1000,Full,2,valid,20,5.4C(80%)-5.4C
three_500_1000,Full,2,valid,21,5.4C(80%)-5.4C
three_500_1000,Full,2,valid,34,7C(30%)-3.6C
three_500_1000,Full,2,valid,35,7C(30%)-3.6C
three_500_1000,Full,2,valid,42,8C(25%)-3.6C
three_500_1000,Full,2,valid,43,8C(25%)-3.6C
three_500_1000,Full,3,train,5,4.4C(80%)-4.4C
three_500_1000,Full,3,train,11,5.4C(50%)-3C
three_500_1000,Full,3,train,14,5.4C(60%)-3C
three_500_1000,Full,3,train,15,5.4C(60%)-3C
three_500_1000,Full,3,train,16,5.4C(60%)-3.6C
three_500_1000,Full,3,train,17,5.4C(60%)-3.6C
three_500_1000,Full,3,train,20,5.4C(80%)-5.4C
three_500_1000,Full,3,train,21,5.4C(80%)-5.4C
three_500_1000,Full,3,train,24,6C(40%)-3C
three_500_1000,Full,3,train,25,6C(40%)-3C
three_500_1000,Full,3,train,26,6C(40%)-3.6C
three_500_1000,Full,3,train,27,6C(40%)-3.6C
three_500_1000,Full,3,train,34,7C(30%)-3.6C
three_500_1000,Full,3,train,35,7C(30%)-3.6C
three_500_1000,Full,3,train,36,7C(40%)-3C
three_500_1000,Full,3,train,37,7C(40%)-3C
three_500_1000,Full,3,train,38,7C(40%)-3.6C
three_500_1000,Full,3,train,39,7C(40%)-3.6C
three_500_1000,Full,3,train,42,8C(25%)-3.6C
three_500_1000,Full,3,train,43,8C(25%)-3.6C
three_500_1000,Full,3,train,44,8C(35%)-3.6C
three_500_1000,Full,3,train,45,8C(35%)-3.6C
three_500_1000,Full,3,valid,9,5.4C(40%)-3.6C
three_500_1000,Full,3,valid,18,5.4C(70%)-3C
three_500_1000,Full,3,valid,19,5.4C(70%)-3C
three_500_1000,Full,3,valid,30,6C(50%)-3.6C
three_500_1000,Full,3,valid,31,6C(50%)-3.6C
three_500_1000,Full,3,valid,40,8C(15%)-3.6C
three_500_1000,Full,3,valid,41,8C(15%)-3.6C
three_500_1000,Full,4,train,9,5.4C(40%)-3.6C
three_500_1000,Full,4,train,11,5.4C(50%)-3C
three_500_1000,Full,4,train,16,5.4C(60%)-3.6C
three_500_1000,Full,4,train,17,5.4C(60%)-3.6C
three_500_1000,Full,4,train,18,5.4C(70%)-3C
three_500_1000,Full,4,train,19,5.4C(70%)-3C
three_500_1000,Full,4,train,20,5.4C(80%)-5.4C
three_500_1000,Full,4,train,21,5.4C(80%)-5.4C
three_500_1000,Full,4,train,26,6C(40%)-3.6C
three_500_1000,Full,4,train,27,6C(40%)-3.6C
three_500_1000,Full,4,train,30,6C(50%)-3.6C
three_500_1000,Full,4,train,31,6C(50%)-3.6C
three_500_1000,Full,4,train,34,7C(30%)-3.6C
three_500_1000,Full,4,train,35,7C(30%)-3.6C
three_500_1000,Full,4,train,38,7C(40%)-3.6C
three_500_1000,Full,4,train,39,7C(40%)-3.6C
three_500_1000,Full,4,train,40,8C(15%)-3.6C
three_500_1000,Full,4,train,41,8C(15%)-3.6C
three_500_1000,Full,4,train,42,8C(25%)-3.6C
three_500_1000,Full,4,train,43,8C(25%)-3.6C
three_500_1000,Full,4,train,44,8C(35%)-3.6C
three_500_1000,Full,4,train,45,8C(35%)-3.6C
three_500_1000,Full,4,valid,5,4.4C(80%)-4.4C
three_500_1000,Full,4,valid,14,5.4C(60%)-3C
three_500_1000,Full,4,valid,15,5.4C(60%)-3C
three_500_1000,Full,4,valid,24,6C(40%)-3C
three_500_1000,Full,4,valid,25,6C(40%)-3C
three_500_1000,Full,4,valid,36,7C(40%)-3C
three_500_1000,Full,4,valid,37,7C(40%)-3C
