task,family,coefficient_row,feature,coefficient,nonzero
regression,Variance,0,c100_dq_variance_log,-0.06823926389639678,True
regression,Discharge,0,c100_dq_min_log,-0.04056840346569869,True
regression,Discharge,0,c100_dq_mean_log,-0.0,False
regression,Discharge,0,c100_dq_variance_log,-0.044701421129110464,True
regression,Discharge,0,c100_dq_skew_log,-0.0,False
regression,Discharge,0,c100_dq_kurtosis_log,-0.004151831909580494,True
regression,Discharge,0,c100_dq_2v_log,0.0,False
regression,Discharge,0,c100_capacity_slope,0.0,False
regression,Discharge,0,c100_capacity_intercept,0.0,False
regression,Discharge,0,c100_late_slope,-0.0,False
regression,Discharge,0,c100_late_intercept,0.0,False
regression,Discharge,0,c100_capacity_2,0.017484004229006967,True
regression,Discharge,0,c100_capacity_max_minus_2,-0.02288672316857754,True
regression,Discharge,0,c100_capacity_end,0.0044039586165856,True
regression,Full,0,c100_dq_min_log,-0.01151415350485874,True
regression,Full,0,c100_dq_mean_log,-0.0,False
regression,Full,0,c100_dq_variance_log,-0.06130813239233403,True
regression,Full,0,c100_dq_skew_log,-0.0,False
regression,Full,0,c100_dq_kurtosis_log,-0.0,False
regression,Full,0,c100_dq_2v_log,0.0,False
regression,Full,0,c100_capacity_slope,0.0,False
regression,Full,0,c100_capacity_intercept,0.0,False
regression,Full,0,c100_late_slope,0.0,False
regression,Full,0,c100_late_intercept,0.0,False
regression,Full,0,c100_capacity_2,0.004745361805957755,True
regression,Full,0,c100_capacity_max_minus_2,-0.015252171462781334,True
regression,Full,0,c100_capacity_end,0.01414346634284892,True
regression,Full,0,c100_charge_time,0.0014988123508407843,True
regression,Full,0,c100_temperature_max,-8.441328723796873e-05,True
regression,Full,0,c100_temperature_min,0.0,False
regression,Full,0,c100_temperature_integral,0.0,False
regression,Full,0,c100_ir_2,0.0,False
regression,Full,0,c100_ir_min,0.0,False
regression,Full,0,c100_ir_change,-0.0,False
regression,Selected,0,c100_dq_min_log,-0.04056840346569869,True
regression,Selected,0,c100_dq_mean_log,-0.0,False
regression,Selected,0,c100_dq_variance_log,-0.044701421129110464,True
regression,Selected,0,c100_dq_skew_log,-0.0,False
regression,Selected,0,c100_dq_kurtosis_log,-0.004151831909580494,True
regression,Selected,0,c100_dq_2v_log,0.0,False
regression,Selected,0,c100_capacity_slope,0.0,False
regression,Selected,0,c100_capacity_intercept,0.0,False
regression,Selected,0,c100_late_slope,-0.0,False
regression,Selected,0,c100_late_intercept,0.0,False
regression,Selected,0,c100_capacity_2,0.017484004229006967,True
regression,Selected,0,c100_capacity_max_minus_2,-0.02288672316857754,True
regression,Selected,0,c100_capacity_end,0.0044039586165856,True
binary_550,Variance,0,c5_dq_variance_log,-0.0429931967719222,True
binary_550,Full,0,c5_dq_min_log,0.0,False
binary_550,Full,0,c5_dq_mean_log,0.0,False
binary_550,Full,0,c5_dq_variance_log,0.0,False
binary_550,Full,0,c5_dq_skew_log,0.0,False
binary_550,Full,0,c5_dq_kurtosis_log,0.0,False
binary_550,Full,0,c5_dq_2v_log,0.0,False
binary_550,Full,0,c5_capacity_slope,0.0,False
binary_550,Full,0,c5_capacity_intercept,0.0,False
binary_550,Full,0,c5_capacity_2,0.0,False
binary_550,Full,0,c5_capacity_max_minus_2,0.0,False
binary_550,Full,0,c5_capacity_end,0.0,False
binary_550,Full,0,c5_charge_time,0.0,False
binary_550,Full,0,c5_temperature_max,0.0,False
binary_550,Full,0,c5_temperature_min,0.0,False
binary_550,Full,0,c5_temperature_integral,0.0,False
binary_550,Full,0,c5_ir_2,0.0,False
binary_550,Full,0,c5_ir_min,0.0,False
binary_550,Full,0,c5_ir_change,0.8750193185114976,True
three_500_1000,Full,0,c100_dq_min_log,-1.4154938652102584,True
three_500_1000,Full,0,c100_dq_mean_log,-0.752050774929047,True
three_500_1000,Full,0,c100_dq_variance_log,-1.7446899163743237,True
three_500_1000,Full,0,c100_dq_skew_log,0.9196153243300521,True
three_500_1000,Full,0,c100_dq_kurtosis_log,0.8127943803508636,True
three_500_1000,Full,0,c100_dq_2v_log,1.2952278493004112,True
three_500_1000,Full,0,c100_capacity_slope,2.681707478704878,True
three_500_1000,Full,0,c100_capacity_intercept,-0.9360741707682723,True
three_500_1000,Full,0,c100_late_slope,-1.105335788782698,True
three_500_1000,Full,0,c100_late_intercept,0.6597477233657729,True
three_500_1000,Full,0,c100_capacity_2,-0.35246185863122914,True
three_500_1000,Full,0,c100_capacity_max_minus_2,-1.525807398703816,True
three_500_1000,Full,0,c100_capacity_end,0.3401333170191247,True
three_500_1000,Full,0,c100_charge_time,2.6458208971499704,True
three_500_1000,Full,0,c100_temperature_max,-1.8505609881702134,True
three_500_1000,Full,0,c100_temperature_min,-0.8499664508981037,True
three_500_1000,Full,0,c100_temperature_integral,-0.028879708175209975,True
three_500_1000,Full,0,c100_ir_2,1.046612186044879,True
three_500_1000,Full,0,c100_ir_min,0.8870200616786672,True
three_500_1000,Full,0,c100_ir_change,0.013750010296145702,True
