구분,F1-Score (macro),Accuracy (%),비고
Train (Batch 1 CV),0.4903846153846154,96.42857142857144,29셀; 실제 학습 분류기
Valid (Batch 1 Hold-out),0.5,100.0,7셀; 실제 학습 분류기
Test (Batch 2),0.4868421052631578,48.717948717948715,39셀; 실제 학습 분류기
Gap (Train-Valid),-0.009615384615384581,-3.571428571428555,앞 단계 점수 − 뒤 단계 점수; (+): 점수 하락
Gap (Valid-Test),0.013157894736842202,51.282051282051285,앞 단계 점수 − 뒤 단계 점수; (+): 점수 하락
Gap (Target-Test),0.4488721804511279,46.38205128205128,Accuracy: 95.1 − Test; F1: 논문 혼동행렬 재계산값 − Test
Test (Batch 3),0.4942528735632184,97.72727272727272,44셀; 동일 고정 모델
Gap (Batch2-Batch3),-0.0074107683000605995,-49.009324009324004,Batch 2 점수 − Batch 3 점수
Gap (Target-Test),0.4414614121510673,-2.627272727272725,Accuracy: 95.1 − Test; F1: 논문 혼동행렬 재계산값 − Test
