batch,cell_id,policy,cycle_life,c5_dq_min_log,c5_dq_mean_log,c5_dq_variance_log,c5_dq_skew_log,c5_dq_kurtosis_log,c5_dq_2v_log,c5_capacity_slope,c5_capacity_intercept,c5_capacity_2,c5_capacity_max_minus_2,c5_capacity_end,c5_charge_time,c5_temperature_max,c5_temperature_min,c5_ir_min,c5_temperature_integral,c5_ir_2,c5_ir_change,c100_dq_min_log,c100_dq_mean_log,c100_dq_variance_log,c100_dq_skew_log,c100_dq_kurtosis_log,c100_dq_2v_log,c100_capacity_slope,c100_capacity_intercept,c100_capacity_2,c100_capacity_max_minus_2,c100_capacity_end,c100_late_slope,c100_late_intercept,c100_charge_time,c100_temperature_max,c100_temperature_min,c100_ir_min,c100_temperature_integral,c100_ir_2,c100_ir_change
1,5,4.4C(80%)-4.4C,1074.0,-5.374740546750567,-2.9985370617194236,-6.184638401727888,-4.227601954484263,0.9018699024585975,-3.4448473994716666,0.0008136299999999306,1.0743779199999994,1.0761266,0.002396599999999971,1.0785232,10.980560416666663,33.064407,29.299326,0.016305991,6431.8868549176,0.016437579,-0.00013158800000000193,-1.5989653349280424,-1.9556988935537072,-4.178443451530505,-5.325794342052535,0.24857974589139517,-2.411109461881587,1.1228400742114224e-05,1.0797547949964952,1.0761266,0.005943800000000055,1.0797794,-2.3223030303065522e-05,1.0820849993939428,10.967849666666668,34.654667,28.914812,0.015922785,171164.58565066959,0.016437579,-0.0001118670000000016
1,6,4.8C(80%)-4.8C,636.0,-4.916062400873034,-2.9562523760313026,-5.758708206806873,-4.050116335959704,1.044989153036671,-3.028093896452461,0.0011183699999999359,1.0737565299999994,1.0758358,0.0033463000000000243,1.0791821,10.072405833333328,36.0327,29.960911,0.016877446,6619.762077466651,0.017001977,-0.00012453100000000064,-1.4215207944138115,-1.7968295470103903,-3.768443388453706,-4.8894081269749226,0.24598862698073307,-2.3289325958427067,-4.808646876938924e-06,1.081157025839208,1.0758358,0.006303200000000064,1.0792426,-6.22254545454556e-05,1.0854849109090907,10.07647899999999,36.496124,29.495056,0.016541764,175081.60099294287,0.017001977,-0.0003333460000000017
1,7,4.8C(80%)-4.8C,870.0,-3.642944131667482,-3.2751003185390486,-6.1084951795847875,-4.03111020117408,1.0756386814235503,-3.4389237960429386,0.0008670699999999276,1.092315829999999,1.0938644,0.0026087999999999667,1.0964732,10.029460416666666,35.453625,29.723524,0.016207566,6542.873805809677,0.016311171,-0.00010360499999999967,-1.4175572328154407,-1.7786972259287557,-3.813051565552969,-4.977012755509247,0.2740340336338971,-2.135500581201433,-6.42818800247794e-06,1.0972542699113585,1.0938644,0.004104200000000002,1.0957625,-4.0566060606084656e-05,1.099840618787881,10.02508166666667,36.053928,29.368095,0.016083084,173739.06555061278,0.016311171,-3.842100000000029e-05
1,9,5.4C(40%)-3.6C,1054.0,-3.09131680473536,-3.6370094557941974,-6.741161018473499,-4.638396619775624,0.761514330471367,-3.189344607866813,0.0005752099999999655,1.081886789999999,1.0829742,0.0017359999999999598,1.0847102,11.207991666666665,35.989418,30.394976,0.016898464,6768.157542019455,0.016978227,-7.976300000000006e-05,-1.5417478896827503,-1.9389020163552184,-4.058949165995528,-4.868971415735983,0.259553061694898,-2.487940578085186,1.8204385899806905e-05,1.086771424803958,1.0829742,0.005975700000000028,1.0876312,-1.3036969696970692e-05,1.0889463206060606,11.207955999999994,36.799232,29.999718,0.016611163,167778.91103427825,0.016978227,-3.366599999999817e-05
1,11,5.4C(50%)-3C,788.0,-3.834983347708811,-3.0869960712144833,-6.438597049098934,-4.0615229838655145,1.1122471623829446,-3.001963997176105,0.0008844800000000377,1.0521879199999993,1.0537786,0.002666199999999952,1.0564448,11.673058333333323,36.386898,30.318392,0.016545463,6918.016171225951,0.016575078,-2.9615000000000197e-05,-1.6254072026301174,-2.0768490121048195,-4.146462018728171,-4.7255940770986555,0.25393003877938963,-3.2352007224448607,2.1809402597400947e-05,1.0589716063261179,1.0537786,0.009460400000000035,1.0599719,-1.1643030303047259e-05,1.0611175193939408,11.668875999999987,37.128967,29.87781,0.015962802,183165.81155577605,0.016575078,-0.0003035779999999988
1,14,5.4C(60%)-3C,880.0,-4.082558939608957,-3.2099330792639678,-6.358714423322298,-4.082735006551561,0.988227388667818,-3.230625728829367,0.000765349999999956,1.069558699999999,1.0709661,0.002426500000000109,1.0733926,10.764678333333336,36.553379,30.191523,0.017056193,6844.523822374955,0.017121186,-6.49929999999993e-05,-1.548306330889822,-1.9227695561901268,-4.045635328216262,-5.049054365782983,0.2270411615593948,-2.595525004320385,2.6234124922698223e-05,1.074764976800659,1.0709661,0.006877699999999987,1.0762016,-1.9479999999989825e-05,1.0781431199999991,10.764334,37.818813,29.769632,0.016649306,183355.59508342395,0.017121186,-6.811500000000054e-05
1,15,5.4C(60%)-3C,719.0,-4.047069425622888,-2.973818165124306,-6.00378838976723,-4.145588253334537,0.9666654864060699,-3.1155490244243538,0.001148670000000035,1.059034229999999,1.0611236,0.0035011000000000347,1.0646247,10.806299583333338,36.802345,29.963272,0.017060056,6832.12593835539,0.017168047,-0.00010799099999999826,-1.538433127534962,-1.9580908387510947,-4.017514591393589,-4.81695426763956,0.2429248728281168,-3.024644508687293,2.904936054421284e-05,1.0661753684708304,1.0611236,0.008215100000000142,1.0677497,-2.4367272727269634e-05,1.0701701345454542,10.797705666666673,38.47617,29.44138,0.016542939,183675.95875566467,0.017168047,-0.0002532960000000001
1,16,5.4C(60%)-3.6C,862.0,-5.686565504667555,-3.308277854176695,-6.360943588166803,-3.9975855898843493,1.1446257628600154,-3.3494565917675487,0.0009743899999999351,1.0793395099999992,1.0811664,0.0029234000000000204,1.0840898,10.117262083333344,35.639156,29.76465,0.01671469,6586.513302687044,0.01683085,-0.00011616000000000057,-1.5589858999371669,-1.9064450291690773,-4.098979163669727,-5.410272068395201,0.2484395998151064,-2.3491593010389242,2.3160274582555584e-05,1.0852883825619455,1.0811664,0.007425499999999863,1.0863206,-3.059757575757343e-05,1.089363988484848,10.11310766666668,37.566532,29.542667,0.016328048,175616.77200423245,0.01683085,-1.4819000000002719e-05
1,17,5.4C(60%)-3.6C,857.0,-4.82767745461432,-3.2538049867792918,-6.742313515637994,-4.441096656487835,0.6655691641497388,-3.24530951228005,0.0008005399999999931,1.070639759999999,1.072052,0.002455499999999944,1.0745075,10.138574166666672,35.140221,29.339983,0.016672445,6499.875749611977,0.016778639,-0.00010619400000000043,-1.5076871632965057,-1.8747427462631594,-3.9697249393883856,-5.091780484034496,0.23281770873162233,-2.4236947034397267,1.7886231292523448e-05,1.0761940385677173,1.072052,0.007173799999999897,1.0769763,-1.2675757575756338e-05,1.0782664048484842,10.146880666666664,37.208405,29.182228,0.016238289,161520.8117277992,0.016778639,2.2162999999998656e-05
1,18,5.4C(70%)-3C,691.0,-6.255106922433333,-3.2539405376372326,-6.935374325399596,-5.983086792850306,0.4574357980778127,-3.2539700220588355,0.0005777299999999982,1.0650445199999996,1.0661705,0.0017188000000001313,1.0678893,9.957744583333337,35.178146,29.827595,0.019886132,498665.0601725342,0.019886132,0.0,-1.3552344300601988,-1.6839795813178122,-3.6496460333798235,-5.783338269765295,0.21839676980079714,-2.0595910130879194,-4.754075940036315e-05,1.0705300210595552,1.0661705,0.003975300000000015,1.0645274,-0.00010586606060607885,1.0749758587878806,9.958173666666676,36.084282,29.688587,0.015845969,5087437.382089658,0.019886132,-0.003994543
1,19,5.4C(70%)-3C,788.0,-3.2677175835361263,-3.483878411710296,-7.20047346119859,-4.76739143632234,0.45641253140509563,-3.4405492058413034,0.0007791999999999331,1.0837457499999992,1.0851147,0.002367000000000008,1.0874817,9.91644208333333,36.531475,30.003393,0.016327402,6672.2086982940955,0.016449727,-0.00012232499999999952,-1.3382564529624872,-1.6966683856046991,-3.6194723156628177,-5.0631639028212465,0.2366846600993219,-2.1470174074529282,-1.0355845392700724e-05,1.0888966198321992,1.0851147,0.004190699999999881,1.0870851,-3.325272727273107e-05,1.0903139454545456,9.924738333333329,37.49086,29.91865,0.016205151,165585.7025204887,0.016449727,-6.60869999999994e-05
1,20,5.4C(80%)-5.4C,534.0,-3.3542120049150035,-3.0720044055429914,-6.004628827796837,-4.204204525999424,0.7944671186648136,-3.326544721653169,0.0007857899999999158,1.0712112099999995,1.07263,0.0023703999999999947,1.0750004,9.00885833333335,35.208969,30.204073,0.015551912,6462.018983277678,0.015740737,-0.00018882500000000184,-1.1966765604379692,-1.4841793472842268,-3.3668028984718394,-5.11677228778602,0.2849445841145565,-1.6735068742880619,-0.00013977618181817777,1.0769696711313128,1.07263,0.003094200000000047,1.0612478,-0.0002331127272727084,1.0845877254545435,9.021115000000016,35.504932,29.662241,0.015036267,170847.54217212062,0.015740737,-0.000580528000000002
1,21,5.4C(80%)-5.4C,559.0,-2.9813159024885216,-3.24419057466263,-6.074380354209421,-4.19891741899382,0.798030437159254,-3.739868314632317,0.0007994499999999208,1.0810365499999997,1.0824388,0.002380599999999955,1.0848194,8.981737916666672,37.615559,30.58987,0.015175431,6671.971832022,0.015348774,-0.0001660760000000011,-1.1889597281466224,-1.5134621706870839,-3.34990353982557,-5.544954054796925,0.26879264887795196,-1.777766835719085,-8.178444155844591e-05,1.0863975044992782,1.0824388,0.0034874000000000294,1.0767291,-0.0001590527272727351,1.092649285454546,8.964706333333336,37.615559,29.948643,0.014894895,176005.5742827472,0.015348774,-0.0002038070000000003
1,23,6C(30%)-3.6C,1014.0,-3.4959646216978597,-3.848005869849069,-6.441914423008074,-4.044114795499997,1.0475751650573202,-3.8768101125432186,0.0008300699999998952,1.0778357299999994,1.0792934,0.002513899999999847,1.0818073,11.451155000000025,34.642879,29.777405,0.016862378,6657.391313132168,0.016937815,-7.543699999999764e-05,-1.523552178470511,-1.8748239696078786,-4.040359131553872,-5.344134617114815,0.24782458580964203,-2.2787714855415393,-6.950910327772603e-06,1.0828155540024733,1.0792934,0.004492999999999858,1.0816909,-2.0429696969718135e-05,1.083739446060608,11.447006333333357,36.165897,29.545927,0.016472535,165153.91991749353,0.016937815,-9.143999999999125e-06
1,24,6C(40%)-3C,1017.0,-3.3959357315890433,-3.494505751029455,-6.889042437478333,-4.029616834017301,1.1795867097852346,-3.274149739081266,0.000649649999999923,1.0734054999999998,1.0745355,0.0019395999999998192,1.0764751,12.139549166666672,36.68198,30.467314,0.016592791,7032.658111285263,0.016687831,-9.50400000000011e-05,-1.4969978330235068,-1.8578137419551943,-3.9382280118825164,-4.969975710523105,0.23699343673208706,-2.3760388688687226,2.024258503403737e-06,1.077929949685013,1.0745355,0.004539499999999919,1.0776314,-7.403393939396665e-05,1.0845231212121238,12.147216,37.596226,30.30908,0.016390581,173928.73408964922,0.016687831,-4.86200000000131e-06
1,25,6C(40%)-3C,854.0,-3.0596019113615065,-3.6054469134494704,-7.098513899360548,-4.362439449607984,0.9806630294080986,-3.2027417681611374,0.0006405799999999334,1.07413192,1.0752345,0.0020171999999998302,1.0772517,12.117403333333346,37.751759,30.553524,0.016607096,7128.131698260613,0.016699277,-9.218100000000021e-05,-1.5310448923727904,-1.906361465057932,-4.027454308766241,-4.946196105193363,0.24516848314460166,-2.44033355903244,5.12931354361571e-07,1.0788217283797148,1.0752345,0.004678599999999866,1.0780438,-3.221030303032952e-05,1.0812880539393965,12.130126666666674,38.670872,30.400667,0.016397864,176720.2925003242,0.016699277,-1.1263999999996943e-05
1,26,6C(40%)-3.6C,870.0,-5.008301587117682,-2.996704300298292,-5.8160626033856895,-4.155543803707218,0.8625615619172573,-3.2097865768919824,0.0008223799999999243,1.0861539699999994,1.0876514,0.0024756000000001332,1.090127,10.765107499999997,36.003468,30.416971,0.016301701,6810.066790560784,0.016376387,-7.467699999999869e-05,-1.4161841994934083,-1.748357956667111,-3.7947854850113254,-5.4315611922725395,0.23636846082925347,-2.14557326466295,-1.521046134818085e-05,1.0913500214075447,1.0876514,0.003894800000000087,1.0893713,-9.834424242425186e-05,1.0986254751515159,10.764819666666668,37.077717,30.189548,0.016129743,168986.9913600238,0.016376387,1.2887999999999095e-05
1,27,6C(40%)-3.6C,842.0,-4.976280946649908,-2.998960221766473,-5.883213641741004,-4.190100464299562,0.8038031904820295,-3.326499218349313,0.0007018799999999512,1.077826819999999,1.0790461,0.002161099999999916,1.0812072,10.805273749999985,37.097118,30.750389,0.016097471,6954.509744673405,0.016174601,-7.713000000000164e-05,-1.4457275004165389,-1.8092709739934298,-3.8532686882819216,-5.038323646534743,0.24629537717383967,-2.264359758515602,-1.0758799010519626e-05,1.0825847381434752,1.0790461,0.003953399999999885,1.0810226,-1.3313333333359012e-05,1.0822964333333358,10.796985333333323,38.178074,30.495707,0.015953196,172706.46732558814,0.016174601,3.187999999999802e-05
1,28,6C(50%)-3C,860.0,-4.084298506533287,-3.1735189584358094,-6.1293987786235915,-4.14606369702161,0.8951395122205815,-3.2416411517751067,0.0007821499999999123,1.0764247999999994,1.0777475,0.002398799999999923,1.0801463,11.117412916666671,37.07539,30.584005,0.016671298,6973.742416583278,0.016742077,-7.077899999999998e-05,-1.4292997115162875,-1.7773323505829581,-3.8442772957221814,-5.345779951780816,0.24588699488455837,-2.157547614307465,-7.726680272115018e-06,1.0810896899868068,1.0777475,0.003846999999999934,1.0796947,-3.480545454546354e-05,1.0831756309090914,11.129907333333346,38.303513,30.421293,0.016467512,173188.62610509055,0.016742077,6.377100000000066e-05
1,29,6C(50%)-3C,917.0,-4.217606831620491,-3.1186410169227576,-6.241179647707776,-4.171434062749897,0.858068636966887,-3.3045873052041923,0.0007663099999999138,1.0781180399999994,1.0794537,0.002342700000000031,1.0817964,11.179351666666662,35.141018,30.365187,0.016540771,6762.769628345562,0.016626336,-8.556499999999925e-05,-1.4333451217343054,-1.7798782181139183,-3.837847193189059,-5.361287007022224,0.23590233923869036,-2.185313018179577,-5.212719851575346e-06,1.0830486699245512,1.0794537,0.004349200000000053,1.0818107,-3.726424242423985e-05,1.0855591551515145,11.179535333333334,36.258759,30.240517,0.016308507,167427.4914733672,0.016626336,1.7818000000002776e-05
1,30,6C(50%)-3.6C,709.0,-4.815232850495799,-3.154834492661735,-6.008364998978043,-4.141318380159919,0.8739275074048216,-3.5556435951871412,0.0007656599999999758,1.0785888399999999,1.0798637,0.0023181000000001006,1.0821818,10.138494583333333,36.410614,30.653597,0.015999669,6796.937763242335,0.016072329,-7.26599999999987e-05,-1.3891761023084515,-1.7515577975481582,-3.7442647061242904,-5.044863538942991,0.24871078284129267,-2.21199706533898,-1.6368218923929572e-05,1.083658496336837,1.0798637,0.003954500000000083,1.0814074,-3.745818181818704e-05,1.085152836363637,10.130179666666669,37.483994,30.457619,0.015838005,168793.9680275647,0.016072329,5.842799999999926e-05
1,31,6C(50%)-3.6C,876.0,-4.687343459645979,-3.1240839270144263,-6.1017810956070555,-4.1997110413842265,0.7741747937545757,-3.4358775428026163,0.0008466100000000152,1.093161639999999,1.0946392,0.002557900000000002,1.0971971,10.097088750000012,30.667873,30.030546,0.016881218,6189.183133906632,0.016952254,-7.103600000000002e-05,-1.4036425857817216,-1.745123636189018,-3.7772981123140252,-5.4557232155062225,0.24498856176958186,-2.103884003927569,-2.62010822510796e-05,1.09840466024531,1.0946392,0.003694199999999981,1.0953494,-4.0801212121225585e-05,1.0994466157575769,10.11367266666668,31.658901,29.649641,0.016684072,152763.62160187346,0.016952254,1.0658000000000195e-05
1,32,6C(60%)-3C,731.0,-3.6534172375052156,-3.2912451796698314,-6.275861254157278,-4.196014608158054,0.8227229504693054,-3.4076098820397314,0.0007585100000000226,1.0764809899999994,1.0778366,0.0023189000000001236,1.0801555,10.096449583333326,36.114578,30.301001,0.016160037,6710.838908446796,0.016239462,-7.942500000000102e-05,-1.3413563753175848,-1.6833949610457555,-3.646028985296344,-5.307834047094517,0.2356681257575532,-2.0855285358354365,-1.2776272108848686e-05,1.0813230393725,1.0778366,0.003820099999999993,1.0793804,-3.83545454545678e-05,1.0832270690909114,10.096438,37.14436,30.193592,0.015933495,166523.73470389663,0.016239462,5.134400000000178e-05
1,33,6C(60%)-3C,757.0,-4.555282034631789,-3.1321297054874577,-6.191493050631252,-4.221819250995637,0.7580975044924476,-3.323875849363406,0.0008777699999999469,1.0909509299999993,1.0924908,0.002664299999999953,1.0951551,10.13795458333334,37.359303,30.279278,0.016506692,6810.640840529652,0.016591828,-8.513599999999955e-05,-1.3477364305988748,-1.6645106205937217,-3.6666230858126236,-5.688209862064654,0.2472997575861098,-1.9781683431320478,-2.1812165739027016e-05,1.0966040669173367,1.0924908,0.004335399999999989,1.0937657,-4.613878787879358e-05,1.0983755642424244,10.146428666666663,38.728722,30.119719,0.016214989,169323.2349684711,0.016591828,-1.720699999999825e-05
1,34,7C(30%)-3.6C,742.0,-4.868434727285834,-3.163942386764619,-6.282500980271175,-4.240552468918693,0.7590137362653852,-3.4274714054882294,0.0006192100000000049,1.075651539999999,1.0766174,0.0019147999999999943,1.0785322,11.063745416666652,35.621052,29.87252,0.016888976,6726.917456939016,0.0169825,-9.352400000000108e-05,-1.429245314396692,-1.7937042480714813,-3.848181645234819,-5.321307408236174,0.2600952173436113,-2.2584335515750014,-3.129647495333547e-07,1.0800859500911144,1.0766174,0.004865000000000119,1.0794187,-3.0090909090922758e-05,1.082449981818183,11.06793699999998,37.240925,29.709148,0.016567618,166632.13605125228,0.0169825,-2.8376000000000096e-05
1,35,7C(30%)-3.6C,703.0,-3.9876838538380377,-3.1994386734740834,-6.302599506845491,-4.171019597523947,0.8770934655176511,-3.452059330147821,0.0008265500000000601,1.0692741499999991,1.0707464,0.0024976000000000997,1.073244,11.042841666666657,34.531872,29.693165,0.01697932,6621.5125205862805,0.017059039,-7.97190000000024e-05,-1.4072456671301197,-1.7393719825298462,-3.7721713038220117,-5.524626695189299,0.23046827830589378,-2.1433948491601047,3.195320964752807e-06,1.0743447123681709,1.0707464,0.00507919999999995,1.0739936,-2.6306666666668015e-05,1.0766147066666667,11.05119499999999,36.075569,29.54327,0.016647711,164491.79037565584,0.017059039,3.243499999999733e-05
1,36,7C(40%)-3C,704.0,-4.815296094194136,-3.1793684931077295,-6.281171375699258,-4.1335982187919305,0.9218773105610348,-3.214676109525567,0.000878929999999974,1.0762621199999993,1.0778315,0.0026660999999998936,1.0804976,11.524912500000012,33.640327,30.236887,0.0164144,6685.434648523496,0.016480684,-6.628399999999979e-05,-1.350456749794432,-1.6769057422922822,-3.6690668308219268,-6.117615702399627,0.23357235936991447,-2.0340054060700816,-7.183043908475764e-06,1.0816428948352914,1.0778315,0.004527799999999971,1.0802411,-4.102181818180282e-05,1.084323083636362,11.524843333333349,34.868446,30.028351,0.016229769,166018.4665300438,0.016480684,8.785199999999938e-05
1,37,7C(40%)-3C,648.0,-3.8476873854645626,-3.166282794467792,-6.743623991228804,-4.246071185932253,0.889073803258747,-3.1478846183915925,0.0007640300000000065,1.0735032199999994,1.0748194,0.0023478999999999584,1.0771673,11.586718750000017,35.640385,30.184851,0.016546713,6862.5894770299565,0.016607935,-6.122199999999967e-05,-1.351203133303817,-1.711374683657366,-3.673504381540903,-5.126213167195838,0.2396064524238409,-2.1702603962663662,-9.680958565245865e-06,1.0785237713110696,1.0748194,0.004472400000000043,1.0768065,-4.3787878787887924e-05,1.0811773424242432,11.57439200000002,36.993626,29.988958,0.016318144,170470.72352502056,0.016607935,6.718000000000002e-05
1,38,7C(40%)-3.6C,617.0,-3.5934615849721987,-3.072695688756929,-5.780743644393238,-4.156062118196678,0.8703236757942655,-3.463224149518522,0.0005880299999998488,1.07196662,1.0729513,0.0018503000000000824,1.0748016,10.25518875000001,36.721928,30.428112,0.016184255,6834.434486983172,0.016260354,-7.341800000000218e-05,-1.2486008121232726,-1.5724458334798015,-3.432613661772658,-5.695108382087062,0.21791856647371752,-1.9167102647650525,-9.43712430427038e-06,1.0762827994001234,1.0729513,0.003646500000000108,1.0749754,-7.16060606062806e-06,1.07566448787879,10.243066666666685,37.995705,30.288816,0.016066672,169885.41875853154,0.016260354,8.89640000000004e-05
1,39,7C(40%)-3.6C,625.0,-3.8695712751205766,-2.9624036652401413,-5.6470031392704065,-4.067670495596371,1.0444267879609852,-3.3060822722241343,0.0008709199999999466,1.080276879999999,1.0817773,0.0026797000000000626,1.084457,10.254412500000004,36.860138,30.328098,0.016645426,6795.23011922769,0.016743599,-9.817300000000001e-05,-1.274546135729866,-1.6118980612133418,-3.5040992086790537,-5.316723511786432,0.2362374097878102,-2.012141260400394,-3.294477427340171e-06,1.0858270173386928,1.0817773,0.004689399999999955,1.0847629,-2.5559393939409695e-05,1.0873593521212135,10.258443000000007,38.024876,30.181021,0.016519627,168864.7660404778,0.016743599,9.157099999999863e-05
1,40,8C(15%)-3.6C,966.0,-2.7441181689359837,-3.172807643200871,-6.20986371698346,-3.9633945419028356,1.3335693881837567,-3.10699919141767,0.0009128699999999257,1.08165538,1.0833029,0.0027710999999999153,1.086074,12.075338333333343,37.401123,30.290945,0.016651146,7035.391658300678,0.016756468,-0.00010532200000000144,-1.5361710582591273,-1.898637644662452,-4.054778193380718,-5.104665455842696,0.24514382497439627,-2.2869454347722353,-8.20486332715938e-06,1.0873484258074624,1.0833029,0.004503299999999877,1.0857353,-4.214606060608749e-05,1.0899522787878815,12.071222666666685,38.388569,30.003733,0.016480761,,0.016756468,6.656899999999896e-05
1,41,8C(15%)-3.6C,1051.0,-3.1200896235508315,-3.1706336595905142,-6.293963336015972,-3.9784510804850703,1.2808960180809177,-3.281037007959151,0.000902509999999855,1.0773437899999998,1.0789614,0.002752899999999947,1.0817143,12.095870000000005,36.574959,30.24468,0.016741274,6960.63487194459,0.016856873,-0.00011559900000000095,-1.5450592803081846,-1.908031828701738,-4.071079457405483,-5.135718644691051,0.24478430173168617,-2.357333959036042,-1.3855287570256206e-07,1.0828938530653474,1.0789614,0.0049074999999998425,1.0821686,-3.1887272727307936e-05,1.0853619745454581,12.087368000000005,37.576675,30.021296,0.016552322,172395.37874072525,0.016856873,-9.889999999998511e-07
1,42,8C(25%)-3.6C,702.0,-3.1511554289145427,-3.1294980826768843,-6.106886666214176,-4.018127076368413,1.1674182521468246,-3.187267301926844,0.0009221899999998357,1.0782866099999997,1.0798725,0.0028033999999999004,1.0826759,11.179382916666684,37.126156,30.316769,0.016678825,6931.654126931581,0.0167679,-8.907499999999749e-05,-1.3495987713904598,-1.6861494296026898,-3.665421273494984,-5.467808152056244,0.22627970317791934,-2.0857715150458698,2.113598021033933e-06,1.0837813903393108,1.0798725,0.004959500000000006,1.0832821,-3.262545454547221e-05,1.0865070709090925,11.171093666666682,38.397423,30.125891,0.016511114,172297.7738584962,0.0167679,0.00010331400000000018
1,43,8C(25%)-3.6C,651.0,-2.697375796628939,-3.3900296306036757,-6.060491033078639,-3.894784235524195,1.3744407977894932,-4.071468503710625,0.000774109999999956,1.0668696899999994,1.0682389,0.0023404999999998566,1.0705794,11.17915875000001,36.568501,30.229954,0.016043961,6915.9390608284775,0.016111452,-6.749099999999938e-05,-1.3506077894518453,-1.7174769733320125,-3.6673445598607963,-5.124787306285955,0.22978094109405506,-2.194938597050207,-2.401481014224145e-05,1.0717469502667487,1.0682389,0.003432099999999938,1.0688359,-3.969454545455702e-05,1.0728037690909102,11.170874333333334,37.725166,30.034327,0.015904058,171138.4958474091,0.016111452,0.00012785400000000016
1,44,8C(35%)-3.6C,616.0,-3.0972137934201744,-3.1408543652301413,-6.054251433561243,-4.137533345453263,0.930176300756946,-3.3535518040941272,0.0008192799999999686,1.0833559699999995,1.0847682,0.002490499999999951,1.0872587,10.283575416666668,35.28067,29.884594,0.017351789,6605.642006763263,0.017436398,-8.460899999999938e-05,-1.2306443031102845,-1.5327013687973048,-3.4202654930324226,-5.3567357884972235,0.2331777645473038,-1.7969703545763662,-3.3615460729745583e-05,1.0885564602143882,1.0847682,0.0035623999999998546,1.0847102,-5.139272727271184e-05,1.0898540654545439,10.271104333333334,36.804283,29.747217,0.017142953,164210.8225915251,0.017436398,0.00015277100000000293
1,45,8C(35%)-3.6C,599.0,-3.2546126169878713,-3.2238523707876463,-6.202861118954151,-3.990514524997355,1.224045708221534,-3.2585314746997875,0.0008078499999999594,1.0825776999999992,1.0839558,0.0024439999999998907,1.0863998,10.242064166666651,36.147827,29.803642,0.016614765,6665.710172983598,0.016685704,-7.093899999999903e-05,-1.2261878935345303,-1.5396120308081556,-3.4248577239248355,-5.438555943620155,0.2354293555687587,-1.7972690900040735,-1.2920053184917479e-05,1.0878183732174806,1.0839558,0.004482499999999945,1.0858277,-3.896969696969784e-05,1.089747546060606,10.254465333333325,37.855122,29.696999,0.016382927,165759.64098298948,0.016685704,0.00015038399999999993
2,0,5.2C(58%)-4C,477.0,-1.8268863010489969,-2.867145598165733,-5.193869131904473,-3.9769220475292246,1.1665462716346147,-3.915103787420875,0.0007182000000000192,1.100652499999999,1.1020051,0.002071799999999957,1.1039258,10.173850000000009,35.01332353591072,29.035448723380114,0.017291756,8847.126603528995,0.017402707,-0.00011095100000000149,-1.2591537148635152,-1.5883634583250168,-3.486830284527127,-6.002624512700066,0.24487820183927245,-1.9088379998959022,1.3737568336431474e-05,1.1043879547219122,1.1020051,0.008113500000000107,1.1052729,-0.00013864606060607848,1.1180734987878804,10.173733999999968,36.404427,28.851412,0.017083954,338444.3446816925,0.017402707,6.96420000000017e-05
2,1,5.6C(26%)-4.5C,491.0,-2.785106561613543,-3.345717390306166,-6.8588179126511735,-5.659745838624424,0.7274344866315666,-3.6854097342482133,0.00042335999999999795,1.1047595899999991,1.1057826,0.0013502000000000791,1.1071328,10.196892083333356,35.8927788002557,29.955135038584142,0.018007506,8825.525162499227,0.01817438,-0.0001417569999999993,-1.179701833116379,-1.4486109095152395,-3.297616853702019,-4.9982606839456585,0.26502931628786014,-1.626854625025479,-3.290422139764397e-05,1.106601674887239,1.1057826,0.003575800000000129,1.1015422,-0.00035796787878790534,1.139475502424245,10.192646000000046,37.4468,29.748539199568196,0.017313389,329373.31963181123,0.01817438,-0.0006942100000000007
2,2,5.2C(50%)-4.25C,424.0,-3.2544308269576017,-2.7855529571179076,-5.358700300180381,-4.2265971835815535,0.7305759670268239,-3.2599784001830465,0.00031493999999994193,1.0740855099999995,1.0753863,0.0008638000000000812,1.0762501,10.175157083333337,37.51331139870802,30.474829,0.016598227,9515.141100686244,0.016669566,0.00019015500000000088,-1.2780425690871609,-1.6018275076276434,-3.4598138533388,-5.308957967433426,0.20309949062507815,-2.0334480824626437,-5.396060358691645e-06,1.0749382457449592,1.0753863,0.00516020000000017,1.0728362,-9.643696969698994e-05,1.0837017406060623,10.175071333333326,38.33985803206289,30.291048,0.016255558,355297.4487406432,0.016669566,-9.869800000000123e-05
2,3,4.65C(44%)-5C,499.0,-4.140071372873489,-2.718951356352326,-5.190724029507104,-4.245907005822813,0.6872931489385737,-3.3246293394427227,0.0009043699999999734,1.0939318799999993,1.0959566,0.0024030999999999914,1.0983597,10.173241666666703,38.82259314031002,30.82206214637156,0.015919222,9675.287127728636,0.016083341,-0.00010408599999999976,-1.2528333571271697,-1.6970225942577863,-3.4958084852006754,-4.663344760308862,0.33979683887933576,-2.399698765313062,7.592857884971752e-05,1.0976128990443204,1.0959566,0.012060699999999924,1.1003293,-0.00032400666666668583,1.1323827666666684,10.173250333333367,39.422000644443116,30.19519,0.015764765,370393.47374982893,0.016083341,-3.5558000000001505e-05
2,4,4.65C(69%)-6C,444.0,-4.967778875800025,-2.816151299313228,-5.2859746873470765,-4.268687667549452,0.6468009556729586,-3.7278683115895226,0.00029098999999994186,1.0889015099999995,1.0899745,0.0008767999999998999,1.0908513,10.223614583333317,37.721821,30.444575027752837,0.016740346,9386.925897331272,0.017068394,-0.0003280480000000009,-1.1530619303379335,-1.4586479903803162,-3.232072300452541,-6.477267062846756,0.22984758576488987,-1.7216809654862666,-6.742782807669012e-05,1.089364272767264,1.0899745,0.0008767999999998999,1.0813601,5.941272727274018e-05,1.076176574545453,10.222283666666627,38.209395652763355,29.809912,0.01593901,344194.9068572786,0.017068394,-0.0009035920000000017
2,5,3.6C(30%)-6C,416.0,-2.4334717646856276,-3.027124523181429,-6.038068031948694,-4.382506658422683,0.607605944761684,-3.2945101829551486,4.8659999999918886e-05,1.0986733399999995,1.0989141,0.00013759999999995998,1.0988965,10.177989166666583,37.605991,30.590336,0.015757907,9184.278707408064,0.016014345,-0.0002564379999999977,-1.064744574647862,-1.3326833846685622,-3.0854472125051675,-4.941082052709259,0.29279588512547267,-1.4592705168567783,-0.00019484917996289103,1.0978748233296218,1.0989141,0.00013759999999995998,1.0760076,-0.00025926484848486076,1.1039321830303042,10.178295333333276,38.388368590154755,30.103149270492455,0.015142022,347963.84031452093,0.016014345,-0.0007167039999999986
2,6,3.6C(9%)-5C,393.0,-6.357696557746019,-3.0041904189788586,-5.6384532345596625,-4.048304659327118,1.0371735130735664,-3.428567542432579,0.0007709299999999486,1.0864368699999993,1.0885617,0.0017000999999998712,1.0902618,10.179280833333237,39.787766,30.511702697927657,0.016326908,9644.719916824726,0.016595399,-0.0002684909999999992,-1.3021390444128946,-1.6814193180700996,-3.5296051747279322,-4.875807489018525,0.25157227527248455,-2.288516027861874,6.24381335807018e-05,1.0897912289247575,1.0885617,0.01149509999999987,1.090597,-0.00018514727272728697,1.109164194545456,10.179130999999906,40.4669448483313,30.021366,0.015897563,359132.2030181744,0.016595399,-0.0005260630000000002
2,7,4.8C(80%)-4.8C-newstructure,777.0,-4.1268194799075575,-2.9556296722378375,-5.032305911806963,-3.8676836325623425,1.3394641715700628,-4.1268194799075575,0.00018547000000001393,1.090528179999999,1.0904776,0.0015224000000000348,1.0908798,10.03683541666669,36.92270275083739,29.888058,0.014800328,6469.758073114741,0.014809063,1.752699999999982e-05,-1.6627808166712075,-2.0543788066377497,-4.231235578131388,-4.927761550674943,0.22358996638281972,-3.1954826817816055,5.346993939393214e-05,1.0903080704646466,1.0904776,0.015110199999999852,1.09727,7.01042424242337e-05,1.0890058448484856,10.037040333333376,37.918381,29.833401,0.014716571,288631.56590192125,0.014809063,1.3403999999999847e-05
2,8,5.2C(58%)-4C-newstructure,904.0,-2.9293827885407646,-3.1917099633317982,-5.596702471926534,-3.9663128709794004,1.1552987985372376,-3.3670857807247367,-1.5799999999972545e-06,1.0909252299999994,1.0906329,0.0005882999999999861,1.0906397,10.039698333333279,35.825352,31.380289,0.016397294,6699.222962854086,0.016484642,-8.734800000000098e-05,-1.5553134390398822,-1.95064955398815,-4.101987968526722,-4.851224917444628,0.31153540015943215,-2.3544380044526134,-4.8129210760671786e-05,1.0926136860114202,1.0906329,0.003211000000000075,1.0909338,5.03521212121166e-05,1.0854754624242429,10.04007933333327,36.451335340457405,30.369265,0.016342103,290047.6854210917,0.016484642,3.0228999999999673e-05
2,9,5.6C(26%)-4.5C-newstructure,791.0,-1.949170150169917,-2.8390720237505094,-5.163303866023567,-4.142418869219195,0.8791310328260473,-4.2962533218708785,0.000779299999999998,1.0941085499999992,1.0949715,0.0028861000000000026,1.0973413,10.040413333333284,34.593979,31.328087703498124,0.015287872,6424.19285936397,0.015408114,-0.0001202420000000013,-1.7043416016868917,-2.1280209594315034,-4.343991170888546,-5.782416290004729,0.34945599999697025,-2.3412219248324964,-3.178960420532104e-05,1.0991237122387132,1.0949715,0.004990999999999968,1.0975486,0.00023090060606056887,1.0750085121212158,10.040580999999946,35.00847845562602,30.423269501409568,0.015197206,278324.7240695458,0.015408114,-5.300199999999991e-05
2,10,4.8C(80%)-4.8C,492.0,-2.4919489638775896,-3.0544685511007628,-5.777055860588748,-4.46854990768926,0.7290608549330562,-3.3574903851961415,0.0004347799999999402,1.108419819999999,1.1092782,0.001664599999999794,1.1109428,10.171065416666593,34.06417017136447,29.64957761592123,0.017237252,9179.720049776963,0.017335583,-2.364700000000164e-05,-1.2533467340698548,-1.5298792877493281,-3.450465601523543,-5.0797053404483625,0.24457318802091946,-1.7674028319028623,5.4494455906002766e-05,1.10839917931445,1.1092782,0.0077312999999998855,1.1162933,0.00018856727272725804,1.0979567854545464,10.17126966666663,35.078796,28.906555794473437,0.016884135,339665.2050699603,0.017335583,-0.00030304700000000073
2,11,5.2C(50%)-4.25C,449.0,-4.345450996035212,-2.4323502899731397,-4.323279699478555,-4.036861075715209,1.0461245106643173,-3.244763569220971,0.00023327000000003987,1.096308779999999,1.0959171,0.0024892999999999166,1.0971565,10.173683749999933,37.843502,30.534237689405252,0.017046325,9596.01998799487,0.017361749,-0.0003154239999999982,-1.2604374969231171,-1.6195602082172011,-3.484958709205863,-5.153492236680631,0.24547394335626366,-2.0549314875575955,0.00011636928385899045,1.0951311402605648,1.0959171,0.013548699999999858,1.1086942,9.152303030301393e-05,1.0994188806060623,10.17367599999993,39.423817,29.651962,0.016784718,364637.7291001462,0.017361749,1.5793000000000057e-05
2,12,4.65C(44%)-5C,466.0,-4.709029992881637,-2.3309701418400275,-4.40687048647947,-4.2030943250356,0.8113541446404309,-3.1137792242531397,0.0005281999999999381,1.1010424999999993,1.1016457,0.0021978000000000275,1.1038435,10.174829166666738,34.071804,30.309535318647253,0.016915195,8737.449152039633,0.017251369,-0.00023583699999999916,-1.1116450065224746,-1.4045303186533276,-3.167533856376959,-5.428548514812971,0.24532165241929518,-1.6275081460912244,3.124443661100505e-05,1.1025508418136463,1.1016457,0.006732100000000019,1.1065857,3.5369696969600068e-06,1.1069356393939402,10.174669333333393,35.747711,29.339239609224805,0.016159201,330058.17963046994,0.017251369,-0.0010207299999999975
2,13,4.65C(69%)-6C,460.0,-3.9122925844690033,-2.5239085076872745,-4.770893370056494,-4.271359235887898,0.6510269542934787,-3.39039423358161,7.065999999998393e-05,1.0955631399999994,1.0954365,0.0007790000000000852,1.0958209,10.20798250000001,34.926178,30.362446,0.016575735,9104.649726586791,0.016970724,-0.0002723259999999998,-1.1892669979927646,-1.4676275844325557,-3.344013210109811,-4.975237555393664,0.27966597786700736,-1.6382621176979801,-1.1445944341368896e-05,1.0955198512422175,1.0954365,0.0021364000000001493,1.0951428,-5.628484848472985e-06,1.096293470303029,10.207829000000007,36.19238897679291,29.518279358797542,0.015610993,338269.340306391,0.016970724,-0.0010935590000000009
2,14,3.6C(30%)-6C,426.0,-1.9142946974017228,-3.092996469395177,-5.384545378376615,-4.244767451932163,1.174996132523099,-3.328454612842856,0.00012881999999995975,1.0840508799999995,1.0844886,0.0004899999999998794,1.0845788,10.209304999999949,35.329513478654334,30.318172,0.016850062,8827.599441893217,0.017186515,-0.00033645300000000045,-1.0771996484774,-1.3510961000875592,-3.1180854544748184,-5.039360422420805,0.28136201659560434,-1.5063678958406412,-0.00010165705627706068,1.084441152294372,1.0844886,0.0004899999999998794,1.0776343,0.0001837830303029747,1.059524500606066,10.207831333333306,36.56760277779107,29.961967688101996,0.015952863,335662.520070355,0.017186515,-0.000878801999999998
2,15,3.6C(9%)-5C,396.0,-2.27558026106037,-3.116868340977136,-5.533682312938132,-4.748110526284315,0.6693094697088167,-4.651621054027719,-1.6920000000034092e-05,1.070369169999999,1.0697494,0.0017708999999999087,1.0703146,10.173971249999946,36.062778,31.24500981801126,0.016914647,9441.634703657295,0.017212247,-0.00029759999999999856,-1.292986448721867,-1.6173475081476094,-3.5158174150026964,-5.643409884089371,0.2059364135574791,-1.996459039830801,9.20414260977118e-05,1.070349417572047,1.0697494,0.009623699999999902,1.0770745,-9.369636363639166e-05,1.0868580727272754,10.174112999999924,36.649116879455384,30.733528,0.016145013,354021.35254512745,0.017212247,-0.0009618189999999992
2,16,4.8C(80%)-4.8C,472.0,-3.3288966009800447,-4.180953855503516,-6.898380081750698,-3.8406750215155725,1.42494053504419,-4.012092908905567,0.0010083500000001113,1.0924820499999988,1.0945363,0.0028695000000000803,1.0974058,10.171868750000007,36.535957,30.291538,0.017689779,9440.0726969798,0.017776627,-8.684800000000048e-05,-1.2736447676142502,-1.5809591747346379,-3.4944464801006045,-5.6417106735670925,0.23125039503306125,-1.870987498473086,-1.5038863327153774e-05,1.0977967335448355,1.0945363,0.007131600000000127,1.0940695,-0.00027128424242425287,1.121640815151516,10.171980333333341,37.601054318286856,30.168455,0.017414019,348191.8324677381,0.017776627,-0.0002792050000000011
2,17,5.6C(26%)-4.5C,471.0,-2.674521752068882,-3.359829003663278,-6.5144548580545765,-4.263312629760095,0.6740126649437284,-4.696667211926212,-0.00014375000000003288,1.0922934999999994,1.0917177,0.00046239999999997394,1.0911998,10.176616249999945,34.690479,30.887565882677965,0.017329527,8239.691821898006,0.017503092,-0.00017356500000000052,-1.2793248413972615,-1.6135663103829572,-3.4999096167000205,-5.265523809736257,0.2344781048598525,-2.0143693061640042,3.904175881262204e-05,1.0919324369672223,1.0917177,0.018217600000000056,1.0944375,-0.00010712606060608754,1.1045100987878813,10.176372333333273,35.36969,30.341412,0.016950201,329517.7864142836,0.017503092,-0.00042510400000000254
2,18,5.2C(50%)-4.25C,449.0,-2.514276964524469,-3.324031842078622,-6.20249788071226,-4.220513183060878,0.745813995982348,-4.091588867059576,0.0007224299999999522,1.0738393699999993,1.0756292,0.0019772000000000123,1.0776064,10.175078333333355,36.28085199458358,30.58322,0.016661013,8756.484925709032,0.01680507,-0.00014405699999999952,-1.4007101874245018,-1.7788234211823972,-3.7068682244022804,-5.062916690496309,0.19133550811890246,-2.65610990004099,0.00011339298701298683,1.0767242930158725,1.0756292,0.01278990000000002,1.0858426,-8.618181818182374e-05,1.0938024836363642,10.175029666666669,36.964727535985794,30.155224,0.016488669,335066.1422329705,0.01680507,-4.021899999999759e-05
2,19,6C(60%)-3C,392.0,-4.198778739319688,-3.0833191877413553,-6.038742305744726,-4.276228890477109,0.6574637472963383,-3.4991480113771187,0.00031717999999991394,1.0905332199999995,1.0902406,0.003162499999999957,1.0921835,10.175447500000033,36.208447,30.570103734289766,0.016649516,8967.39920357638,0.016772689,-0.00010220500000000105,-1.182753687174254,-1.4646019681519966,-3.2915234927686763,-5.30628310671567,0.23501328162655283,-1.702779137477211,2.1983457019166268e-05,1.0936348305607089,1.0902406,0.010140499999999886,1.0930592,-0.0002699042424242793,1.1213399951515186,10.175535333333391,37.29125540144077,30.041353,0.016542695,342302.95034307276,0.016772689,6.25240000000013e-05
2,20,5.2C(58%)-4C,489.0,-1.9067033505518751,-2.8677212760802027,-4.741723675036899,-5.113628379868677,0.7882385321207368,-3.454994983380784,0.00031341000000000734,1.0969603399999992,1.0977259,0.00115680000000018,1.0982624,10.172692083333338,37.4131493035259,30.464781,0.016565196,9069.530486752996,0.016656091,-5.856700000000242e-05,-1.218215280679908,-1.6119851781057282,-3.440870919636383,-4.85713672045653,0.30991278589139076,-2.047490026201283,2.8384829931970537e-05,1.098636491855287,1.0977259,0.006970300000000096,1.1038647,0.00019507030303029418,1.0845231060606069,10.172872000000012,37.85651,30.464781,0.016160993,355209.9142592553,0.016656091,0.00019093999999999708
2,21,6C(60%)-3C,408.0,-4.0106246426655545,-3.2255529177963744,-5.810484065511762,-4.046895406254742,1.020753211916055,-3.8388058007054675,0.000759709999999985,1.096683639999999,1.0985936,0.0019476000000000493,1.1005412,10.174389166666636,37.953579,30.544827220012383,0.017129574,9453.912524450541,0.017283741,-0.00015416699999999672,-1.1906586183672832,-1.4777050875924806,-3.326244563425288,-5.208209692437604,0.24275388530845568,-1.6894724936299306,3.546821447123146e-05,1.0993065303548961,1.0985936,0.008365100000000014,1.1000447,-0.00043725939393937934,1.1453644321212106,10.174583999999935,39.554886,30.169489264517047,0.017071372,352799.553110982,0.017283741,0.00012853800000000096
2,24,4.8C(80%)-4.8C,514.0,-2.826814254195379,-3.4389742574847313,-6.202632726911924,-4.278993064106629,0.7584085619048508,-4.948627218096487,0.0002438999999999231,1.0923748499999997,1.0923017,0.002350700000000039,1.0940183,10.170541250000012,37.575481,30.304377,0.016574962,9096.836036626446,0.016653664,-7.870199999999994e-05,-1.3397990424498685,-1.6426087464102113,-3.640450756301035,-5.331525759442265,0.24379677806107572,-1.9385182181247722,4.325509709338842e-05,1.0940981880280347,1.0923017,0.009624700000000042,1.1019264,0.00021200424242421442,1.0801227048484874,10.170490666666689,39.222355,29.545424324822893,0.016424084,352804.9193291242,0.016653664,-0.00014084899999999845
2,25,5.2C(58%)-4C,493.0,-3.8531527194756627,-3.1305704325245944,-5.663798083794695,-4.1104108104702,0.8963487123572786,-3.9477018516220537,0.0002879299999998309,1.0982622199999996,1.098838,0.0012768999999999142,1.1001149,10.172775416666628,34.305400438530754,30.5100783563106,0.016738664,8751.464167841776,0.016827697,-8.221899999999796e-05,-1.2966358308501311,-1.6268859417094,-3.5340434182477156,-5.700754106273794,0.21646555818902355,-2.006337197692273,3.860060482374841e-05,1.100278415618635,1.098838,0.008213400000000037,1.1063702,0.00023772303030303231,1.0826872806060603,10.172881333333304,35.15638,30.123915,0.016576298,336927.2479479028,0.016827697,2.3801000000000377e-05
2,26,5.6C(26%)-4.5C,450.0,-2.463058030604487,-3.2311608339705886,-6.270705043597542,-4.198855565220266,0.8464156108757116,-3.7449116542211933,0.00016319000000000904,1.104670759999999,1.1043522,0.001613900000000168,1.1050026,10.177092916666638,37.99291556174107,30.534546,0.0182072,8959.883722909399,0.018412031,-0.00020483099999999907,-1.1348440130946638,-1.4197761416757684,-3.2216190960192628,-5.137784889815474,0.25822737492312164,-1.6051613292650788,-1.2231956709952081e-05,1.1047910398932173,1.1043522,0.0028544000000001457,1.1065354,0.00012981272727272879,1.0933725545454542,10.192329666666629,38.98082610957073,30.030421675893816,0.017513856,346945.6438398003,0.018412031,-0.0008291710000000001
2,27,5.2C(50%)-4.25C,474.0,-4.75354553779243,-2.929405685713802,-5.577436924407946,-4.257986841658013,0.6758396353710235,-3.499390191255483,0.0005518099999998688,1.09223649,1.0925682,0.002572099999999855,1.0947001,10.174463333333186,37.64060996967644,30.620649,0.017576421,9155.621987713135,0.017678261,-0.00010184000000000235,-1.2636731692411862,-1.607585732519096,-3.4857691211237922,-5.356354357802926,0.21608199126950775,-2.0276655065222533,8.322792949907285e-05,1.094291405898577,1.0925682,0.01260059999999985,1.1031471,7.094909090906442e-05,1.0969472818181842,10.174448333333178,39.292397,30.006104329573958,0.017410973,342145.1749333522,0.017678261,0.00012275900000000006
2,28,4.8C(80%)-4.8C,437.0,-3.996387783710789,-3.415454323189252,-6.351126149034748,-4.313456677601636,0.6042708500770613,-4.173677007745432,0.00020602999999990056,1.0896065699999997,1.0904486,0.0007357000000001168,1.0911843,10.174361666666725,34.98385452738138,30.417845582262313,0.016580798,9003.883213755951,0.016827082,-0.0002462839999999994,-1.2480177638242413,-1.5530074571887018,-3.4229766573491887,-5.8389002907942125,0.2065071066346109,-1.8659210845088716,5.7402129870125894e-05,1.0921266135988452,1.0904486,0.009223800000000004,1.0995919,0.00019808787878788507,1.0793813975757567,10.17431633333336,35.97005389341205,29.689555895282943,0.016122971,343220.84192549426,0.016827082,-0.0006546150000000008
2,29,5.2C(58%)-4C,452.0,-2.7270680597569683,-2.9560068091219227,-6.0826634045797965,-4.544241406775784,0.4006207083939466,-2.764451364649398,-0.00020569000000001243,1.1037977399999994,1.1032062,0.0003189999999999582,1.1027535,10.172755416666586,34.518704478841514,29.885159,0.016681405,8932.053542251719,0.016795976,-0.00011457100000000081,-1.2787375057821846,-1.596498010104519,-3.5078136673204168,-6.2145043818793315,0.21949593021089558,-1.9272206000813092,0.00012008288806431068,1.1039015333147804,1.1032062,0.014966599999999941,1.1159806,-4.4665454545449836e-05,1.1204395309090904,10.173121999999905,35.143738,29.61923518807385,0.016617509,337666.4436970754,0.016795976,0.00011061700000000035
2,30,5.6C(26%)-4.5C,412.0,-4.488643463174833,-3.3068747928878586,-6.1052915086476105,-4.042902401749744,1.047693883184784,-4.025582368182062,0.0002763500000000266,1.094515149999999,1.0946374,0.0016360999999998072,1.0959653,10.216627916666706,37.067497,30.102429170655753,0.017531572,9001.868924319391,0.017830005,-0.0002984330000000007,-1.121920556930394,-1.4016923043601905,-3.1849750475008567,-5.100066028644943,0.2549691969936482,-1.5762827851317347,-8.503881385281154e-05,1.0973199017287152,1.0946374,0.003826499999999955,1.092545,-2.8684848484868303e-06,1.0914745103030306,10.223914333333378,38.2883066025032,29.889199981272736,0.01667887,336938.76566848415,0.017830005,-0.001062254999999998
2,31,5.6C(26%)-4.5C,425.0,-1.8049800075872786,-2.522646020269173,-4.907099364281758,-4.290009072761776,0.6690430023684594,-3.129467469621746,-0.0003983400000000594,1.1000978399999992,1.0990092,8.549999999996061e-05,1.0977141,10.177309583333408,36.103867,31.076936223168794,0.016529383,8653.558683412042,0.016888967,-5.127499999999993e-05,-1.1922699648528527,-1.5139316063489128,-3.351924319713292,-5.7271336492110025,0.2625760228511009,-1.7462655363156787,3.9791858998146125e-05,1.0978239646860437,1.0990092,0.004161300000000034,1.1006228,-4.224848484858548e-06,1.102285443030304,10.177968666666759,37.238895,29.959369058435346,0.015888851,341867.8426329735,0.016888967,-0.0006819260000000028
2,32,4.8C(80%)-4.8C-newstructure,809.0,-2.8790741055479003,-3.9373765059197163,-6.150573760312729,-3.979287674847004,1.2388611974780728,-3.6769207240955626,0.0009354799999999935,1.0858674199999991,1.0881557,0.0025372999999999646,1.090693,10.04195749999999,33.98673500010025,30.092728,0.014826416,6218.185991696093,0.014826416,1.7266000000000156e-05,-1.5612803858741024,-1.8732213744423425,-4.131031643392329,-5.182363186512467,0.30705107006989557,-2.05822816293457,-5.5682572665427346e-05,1.0928872021150273,1.0881557,0.005788700000000091,1.0874337,2.240424242420543e-05,1.0860940448484886,10.041900666666674,34.753593,29.949444,0.014739397,274567.8226685594,0.014826416,-5.889600000000099e-05
2,33,5.2C(58%)-4C-newstructure,1140.0,-4.847033559083337,-2.988852613417677,-5.926615292768452,-4.2937982623543975,0.6549621968439507,-3.41414476974673,0.0002779199999999569,1.0727513799999993,1.0732747,0.0008694000000000202,1.0741441,10.039474166666574,34.564407,30.764664,0.015039962,5917.548193109143,0.015095364,-5.5401999999999535e-05,-1.6182579991073993,-1.9363086549208746,-4.2311938075637325,-5.043754786812747,0.3061785059734556,-2.0215747407703124,-0.00012531416326531098,1.07698134151845,1.0732747,0.0014279999999999848,1.0686773,1.4609090909078553e-05,1.067026401818183,10.03920333333323,35.019115,30.171801,0.014933125,265625.54167689424,0.015095364,-8.753799999999985e-05
2,34,5.6C(26%)-4.5C-newstructure,1186.0,-4.339496067902952,-2.945939700230543,-5.507294236385361,-4.142976778621582,0.8651336989961529,-3.5134331213877292,0.00027471999999993646,1.0666073799999995,1.0671737,0.0008209000000001243,1.0679946,10.039952500000012,39.130245,30.77528232546755,0.014975959,6330.546852309757,0.015062638,-8.667899999999923e-05,-1.7179911430787784,-2.0904410516318497,-4.448150661550735,-5.317390953426369,0.3248166352866683,-2.265272213481497,-5.456295732837848e-05,1.0699151785005145,1.0671737,0.001733100000000043,1.0644548,2.1133939393911725e-05,1.0623619987878814,10.040011000000039,39.697674,30.77528232546755,0.014872484,286141.14930757193,0.015062638,-0.00011882799999999964
2,41,5.6C(26%)-4.5C,442.0,-2.1379682601387135,-2.9652135952970253,-5.855352450024012,-4.039154312915108,1.1123640126057055,-3.579813367789394,0.00016733999999989012,1.1046135599999993,1.1049188,0.000645099999999843,1.1055639,10.178130833333308,34.581642,29.338629,,8155.186929267893,,,-1.0918848290836711,-1.422872660678739,-3.17193129840298,-5.8566745056901715,0.26762745815055206,-1.6671099584808322,2.3998204081631683e-05,1.1047322431069877,1.1049188,0.005106599999999961,1.108752,-1.5642424242562446e-06,1.1088786151515164,10.177705666666686,34.98487001858617,0.0,,313252.7026537729,,
2,42,5.2C(50%)-4.25C,474.0,-5.862298239216135,-2.546853677582368,-4.462103488467263,-4.0246427293426965,1.0662212437482916,-3.4603159194075235,0.0007152200000000205,1.1004447799999988,1.1024443,0.001863799999999971,1.1043081,10.17501916666673,35.54667596298145,29.644169,,9148.124687806865,,,-1.2662602060364871,-1.5325293081889177,-3.4821531362335185,-4.953788785611987,0.2624963711519999,-1.7410772322663726,8.583347433519058e-05,1.1027536120008241,1.1024443,0.011393200000000103,1.1133598,7.06951515151377e-05,1.1060107230303042,10.174918666666732,36.76044310987061,29.125111,,341845.84100232227,,
2,43,4.8C(80%)-4.8C-newstructure,1029.0,-3.3493954782138844,-2.9385700634148852,-5.460490996391828,-4.14543819187673,0.846638188993771,-3.553995787638363,0.0008263700000000339,1.0970438299999992,1.0974334,0.0037351000000001022,1.1001345,10.036059583333373,35.610035,30.74729161398364,,6445.099965085897,,,-1.7174947542893648,-2.109112610982823,-4.27134741684955,-4.927545692548364,0.3455927712882432,-2.1510176421868157,-7.295969944341106e-05,1.1023848153786842,1.0974334,0.004615400000000047,1.0966223,2.710787878786864e-05,1.0939342575757582,10.0362016666667,38.4212899272313,30.231243,,289269.8665536057,,
2,44,5.2C(58%)-4C-newstructure,841.0,-4.620457763895892,-3.2832970279845304,-5.857862359117851,-3.9863340692510416,1.1002279247858415,-3.6866407721303687,0.00038112999999995813,1.0963901199999995,1.09659,0.0021116000000001023,1.0983391,10.040641250000045,36.668877,30.956772,,6588.449976914602,,,-1.6924552378239504,-2.057963526824461,-4.3640889685513224,-5.135261575620863,0.27717975677515977,-2.4033766936358205,-2.446207668521927e-05,1.098876307325087,1.09659,0.002728300000000017,1.0974951,0.00011412545454541582,1.0859153090909126,10.040366333333369,37.579971,30.372488119722746,,286375.61746688565,,
2,45,5.6C(26%)-4.5C-newstructure,997.0,-3.696665625563883,-2.9523052846242517,-5.49440353908299,-4.025502147771138,1.051444521461095,-3.3805890233094296,0.00021535999999999832,1.102226639999999,1.1030351,0.0005211000000000521,1.1035562,10.040102083333295,38.126534,32.27850826237901,,6903.577397656187,,,-1.5739701648315778,-1.9524266320362493,-4.174780437396987,-4.981333579231757,0.31587125590128584,-2.2539208655758474,-7.610656895484813e-05,1.10510027845104,1.1030351,0.0020833999999998465,1.0995457,2.7618181818071684e-06,1.0996454963636373,10.040267666666622,38.42024558425599,31.853023796346278,,298228.78498026595,,
2,46,4.8C(80%)-4.8C,503.0,-1.8651839205422864,-2.8421398650621965,-5.21567264293317,-4.031026660303196,1.0761973756742371,-4.227505058483592,0.0008989299999999507,1.098293219999999,1.100943,0.002031499999999964,1.1029745,10.169633333333453,30.782145,28.204667773836853,,8407.548689106236,,,-1.2768530822548958,-1.6414123234468558,-3.5084406210446826,-5.373144374211806,0.254442697189269,-1.9486475083490407,1.9638269635131457e-05,1.101560466430426,1.100943,0.006137899999999918,1.0998453,-0.00020177454545458726,1.121246729090913,10.169781000000075,31.867259462197975,0.0,,321339.9374434757,,
3,0,5C(67%)-4C-newstructure,1009.0,-4.937823151563232,-3.3791156498096173,-6.619883684262205,-3.999122068125248,1.1333247326137315,-3.500864819694881,0.0005338999999999783,1.0665168499999993,1.0674551,0.0016384999999998762,1.0690936,10.045161666666656,33.40396401926802,30.779943,0.015308817,5988.706890997238,0.015398955,-9.013800000000002e-05,-1.6324268476284225,-1.9955850095689884,-4.244680358543627,-5.20969460428755,0.26200380004908697,-2.4239110959993195,-5.346195423626031e-06,1.07065909132014,1.0674551,0.003916099999999867,1.0694544,-4.185030303031202e-05,1.0735924739393947,10.044530999999989,33.974361,30.642652233872806,0.015180224,145951.62805473487,0.015398955,-0.00012841200000000136
3,1,5.3C(54%)-4C-newstructure,1063.0,-4.9102230758456455,-3.3921466870161865,-6.681535719477241,-3.982480087505094,1.1610526437012056,-3.4368656478224278,0.0007052199999999717,1.0638350799999992,1.0650603,0.002163499999999985,1.0672238,10.04104708333325,37.733154,31.396576,0.015061628,6405.870475049857,0.015162034,-0.00010040599999999907,-1.6512245320053403,-2.0167789308763884,-4.285108198625103,-5.0430731726335996,0.2732341705787113,-2.4255772072730313,-1.4719340754480143e-05,1.0684723580956494,1.0650603,0.003679599999999894,1.0664777,-6.469515151517784e-05,1.0728812169696995,10.041138666666567,38.707848,31.221146,0.014931546,154953.64249772698,0.015162034,-0.00010282300000000015
3,2,5.6C(19%)-4.6C-newstructure,1267.0,-2.754573161753271,-3.496709744440542,-6.490099469268348,-4.768244235519894,0.8332839775311826,-3.5180122731843086,0.00037798999999994636,1.0600057599999997,1.060818,0.0011403999999999304,1.0619584,10.04392000000001,39.765854,32.013611,0.014788664,6580.967492168869,0.01489381,-9.445000000000113e-05,-2.063082393578989,-2.582836934003479,-4.778946078146963,-4.40151434434157,0.696438835772483,-2.593218297333785,-2.039117996289508e-05,1.0631134653296226,1.060818,0.0023956999999998896,1.0606135,-6.157393939395896e-05,1.066844621212123,10.044049666666687,41.645876083931206,31.90753,0.014437579,161780.28763150153,0.01489381,-0.0004166900000000008
3,3,5.6C(36%)-4.3C-newstructure,1115.0,-3.8645030167266516,-3.0439668958205965,-6.764424004949088,-5.4005900090163035,0.647574035206009,-3.0474674392648344,0.0004752099999999308,1.0618513399999991,1.0628892,0.0014654999999998974,1.0643547,10.042297916666636,40.076626,32.01677701289095,0.014933085,6594.049875924612,0.015006617,-6.982499999999905e-05,-1.5712722684801177,-1.970396518690482,-4.116173258607179,-4.819166473970759,0.29657723515971085,-2.429523253302807,-1.2654854669141905e-05,1.0652984177901463,1.0628892,0.0026450000000000085,1.0635946,-7.747878787880555e-05,1.0711947842424259,10.042065333333351,40.076626,31.780437,0.014885032,158536.08279023872,0.015006617,5.60549999999993e-05
3,4,5.6C(19%)-4.6C-newstructure,1048.0,-3.3030680664668184,-3.3101305758232082,-6.632260211703015,-4.412257562035374,0.6836203701369207,-3.3592937329164863,0.0004277099999999483,1.071680039999999,1.0724765,0.0013052999999998427,1.0737818,10.044965000000047,33.00009089900319,31.041295007839775,0.015172654,6135.301245536886,0.015246842,-7.418799999999934e-05,-1.6053684086049191,-1.9954018465879846,-4.178031161375803,-4.860653530443824,0.27689417631639673,-2.51489551234351,-5.233104514546137e-06,1.074804658027211,1.0724765,0.0027884999999998605,1.0738586,-2.376060606062198e-05,1.0761844678787895,10.045031333333366,33.39357830787951,30.86325642415428,0.015085269,148085.6167223359,0.015246842,-6.733400000000049e-05
3,5,5.6C(36%)-4.3C-newstructure,828.0,-5.864899734260815,-3.1936363236226253,-6.438605953132057,-4.280057437367171,0.7405718827897603,-3.262968912885139,0.0005682900000000708,1.0503413099999985,1.0514506,0.0016809000000002072,1.0531315,10.041803333333336,39.405107845264546,31.884895,0.015317377,6486.761566831396,0.015374157,-5.677999999999933e-05,-1.594395867927963,-1.9413551584939963,-4.113989462952569,-5.287860090010051,0.23433264946259308,-2.4538613629207235,-1.602090043289774e-05,1.0539742073362188,1.0514506,0.0026052000000000852,1.0518515,-6.302727272732888e-05,1.0580870145454602,10.041910000000012,40.19554382518285,31.605618939619383,0.015130546,158013.72709972132,0.015374157,-0.00016723399999999874
3,6,3.7C(31%)-5.9C-newstructure,667.0,-3.598227089102519,-4.130481430899728,-7.041257524220073,-4.223861099779396,0.7654584829241419,-4.033009150847902,0.00014565000000005634,1.0624210499999989,1.0626124,0.00045920000000010397,1.0630716,10.062942916666664,36.766792,31.265013388561528,0.013527169,6270.196525060204,0.013527169,2.332700000000007e-05,-1.2740749260804134,-1.5448876192797236,-3.525273681171474,-4.815910258088903,0.32897489284639764,-1.6544320095967027,-0.0002023977884972222,1.0640819993345705,1.0626124,0.00045920000000010397,1.04378,-0.00024328727272730075,1.0680148345454572,10.06247166666663,37.461433,30.943061172088374,0.013527169,149702.45304597748,0.013527169,0.00032014799999999927
3,7,4.8C(80%)-4.8C-newstructure,1836.0,-5.732475098055159,-3.3716096795422805,-7.01763186140046,-4.354406096692934,0.7892956924472991,-3.329941600687018,0.0004921100000000425,1.0666653399999988,1.0675218,0.0014724999999999877,1.0689943,11.042549583333313,34.182920431298854,31.023947,0.015465212,6465.903983468355,0.015535541,-7.032899999999918e-05,-1.768045874915885,-2.1525643740630627,-4.48830767619389,-4.967522163955314,0.2550881117394418,-2.671391489191579,-2.3574483611610727e-06,1.070297655118944,1.0675218,0.003397199999999989,1.0684743,-6.748666666666012e-05,1.0760852866666657,11.041577333333311,34.60008198094648,31.00022334239158,0.015372629,156746.17382632548,0.015535541,-3.5402999999999823e-05
3,8,5C(67%)-4C-newstructure,828.0,-3.8957736497469244,-3.618895530768723,-6.686444031277624,-4.026148233015717,1.092275063486087,-3.8340737601114356,0.0006120599999998403,1.06364489,1.0647362,0.0018404999999999117,1.0665767,10.04528250000003,34.819587654813304,31.110066428980698,0.015344371,6298.362590178511,0.015438134,-9.376299999999844e-05,-1.5710723604574097,-1.9278836684244571,-4.091369245668356,-5.167416149003259,0.2357421309543695,-2.4672031416430174,-3.3089511440911376e-06,1.0681748474174393,1.0647362,0.003978199999999932,1.067026,-3.773696969699921e-05,1.0708422406060636,10.044950000000002,35.5458971642776,30.969942,0.01520093,154179.0690641559,0.015438134,-0.00017268099999999918
3,9,5.3C(54%)-4C-newstructure,1039.0,-4.095306021665299,-3.4897077144831186,-7.234341717836335,-5.0184186431828115,0.6434026401442992,-3.3809094878580175,0.0006395200000000014,1.0683000799999993,1.0694826,0.0019417999999999935,1.0714244,10.041716666666677,34.867256,31.168756,0.015835447,6423.006534094256,0.015903223,-6.777600000000203e-05,-1.5290712116059078,-1.8392910734221652,-3.98186244123407,-5.752987647012049,0.21821602651328698,-2.303891760973448,6.68053184916058e-07,1.0728252555501954,1.0694826,0.00388809999999995,1.0724456,-8.253333333347526e-06,1.0732397333333346,10.041749333333332,35.6854391223452,31.020124803456543,0.015742281,156003.66941785844,0.015903223,-2.9396000000000977e-05
3,10,4.8C(80%)-4.8C-newstructure,1078.0,-5.4196745232166155,-3.320444849668935,-6.646929280563637,-4.1247372516064305,0.9704071575123068,-3.304810628912557,0.0005034799999999827,1.0608826699999991,1.0617746,0.0014807000000001125,1.0632553,11.046365833333326,34.659065,30.474073493629604,0.015467151,6242.575312277998,0.015551002,-8.385099999999937e-05,-1.7191252386508329,-2.079084830390947,-4.410921412252559,-5.110911055548651,0.2572283772789066,-2.5001145405393435,-2.8759653679635088e-06,1.0645252641327554,1.0617746,0.003226200000000068,1.0623909,-0.00011395212121215553,1.0746039575757609,11.045003333333321,35.20887742320281,30.42616190989248,0.015318613,152668.8982230435,0.015551002,-0.00014386399999999876
3,11,5.6C(19%)-4.6C-newstructure,817.0,-4.527240431421193,-3.450579380709191,-7.03467628915707,-4.052917674646398,1.1151216503262886,-3.3694035786312586,0.00047650000000004216,1.0671621499999988,1.0680679,0.0014418000000000486,1.0695097,10.041918749999969,37.277306,31.236409778423827,0.015562085,6547.261584641913,0.015608084,-4.599899999999969e-05,-1.4674064416533914,-1.8062997536129268,-3.8844866526940733,-5.353274962813034,0.2391476782396798,-2.231299600527686,-1.7682165739029632e-05,1.070729462169862,1.0680679,0.0026927999999999397,1.0682998,-3.90187878788211e-05,1.0722465442424274,10.042218333333295,38.22832463770115,31.117903,0.015485173,160777.27281051816,0.015608084,-4.955999999999884e-05
3,12,5.6C(36%)-4.3C-newstructure,932.0,-5.242188024041406,-3.436521164790877,-7.0645377882661355,-4.218232959231851,0.9209330670704658,-3.5515136031872165,0.0005553699999999716,1.0731362299999991,1.0741653,0.0016586000000000656,1.0758239,10.04277541666658,35.260562438314984,31.014462,0.016078373,6448.104837542242,0.016139418,-6.104499999999916e-05,-1.4984625676823458,-1.814886031312002,-3.946355465036171,-6.545376078316424,0.2346764645152668,-2.21663824106318,-6.6794632034672655e-06,1.0766760324213562,1.0741653,0.002777699999999994,1.0755343,-2.3809696969692323e-05,1.0779402660606057,10.04249166666661,36.11585579982815,30.951786787726437,0.01599754,156297.72521228192,0.016139418,-4.0385999999999894e-05
3,13,5.6C(19%)-4.6C-newstructure,816.0,-4.879890050012397,-3.1261913247083393,-6.347681794740095,-4.349918506827072,0.6378363610304822,-3.2336930730145514,0.0006484100000000857,1.0644086399999988,1.065558,0.001963200000000054,1.0675212,10.042205000000042,37.00989437110301,31.182079,0.015182124,6570.312381261007,0.015250437,-6.83130000000004e-05,-1.5583663773653675,-1.9293903427897119,-4.094031973537554,-5.0879281637115215,0.25576951666529313,-2.466055443823889,-1.2185193568341783e-05,1.069335077195217,1.065558,0.004086699999999999,1.067306,-4.9785454545442306e-05,1.0722577309090895,10.042319666666685,37.80334001741199,31.008408624872537,0.01506449,159752.08782342402,0.015250437,-0.00014514099999999967
3,14,5.6C(36%)-4.3C-newstructure,858.0,-4.3594097157595835,-3.346416090762544,-6.965903026042774,-4.501874401542186,0.747998379988049,-3.307217833408376,0.0008542700000000272,1.071299079999999,1.0727056,0.002659300000000142,1.0753649,10.041855833333344,35.283916,30.914561613355875,0.015606318,6440.681085353055,0.015668793,-6.247500000000107e-05,-1.533393919034542,-1.8793090444151623,-3.9992331831677133,-5.216601828521874,0.22535146247440993,-2.4160714544579993,4.6361076066727265e-06,1.0767793645726649,1.0727056,0.005038600000000004,1.0763919,-1.6985454545497508e-05,1.0781103509090952,10.041712000000018,36.101499457512425,30.790092,0.015496999,157920.7025760111,0.015668793,-7.740999999999998e-05
3,15,5.9C(15%)-4.6C-newstructure,876.0,-4.503809602672203,-3.369426333988415,-7.014766190800416,-4.277529836775271,0.9630342380544968,-3.2275419583403266,0.0005732499999999938,1.067270249999999,1.0684187,0.0017281999999998465,1.0701469,10.041759166666633,36.404924665517385,30.75446542775768,0.01535992,6471.958851422349,0.015417448,-5.75279999999994e-05,-1.530408515674226,-1.8748334000635414,-4.00024991015545,-5.3129764990851625,0.23445008857453128,-2.3691038574895322,-1.156462213976474e-05,1.0711365179513497,1.0684187,0.002858699999999992,1.0693594,-7.973333333334892e-05,1.0770642933333348,10.041533666666655,37.344582,30.48859917220236,0.01525728,157182.9213952925,0.015417448,-9.027200000000062e-05
3,16,4.8C(80%)-4.8C-newstructure,1638.0,-3.936048508403072,-3.170494817977909,-6.7644998082107834,-4.255010370239415,0.8732535795394936,-3.161778119781849,0.000514819999999994,1.060015529999999,1.061009,0.0015289999999998916,1.062538,11.044470833333314,37.752055078548764,31.866419,0.015386094,6385.205362632695,0.015453937,-6.784299999999972e-05,-1.8712132821312482,-2.2738188659012195,-4.694078987698978,-5.773501175962798,0.32456380400051915,-2.5252468829903623,-9.691301175018761e-06,1.0640031119154811,1.061009,0.0033308999999999145,1.0625579,-8.315333333334058e-05,1.0705421733333338,11.04336633333335,38.21816186151848,31.641069440702125,0.015253145,155805.77645361234,0.015453937,-0.00012093599999999857
3,17,5.3C(54%)-4C-newstructure,1315.0,-4.900020520737785,-3.3345468591175864,-7.094605022254023,-4.464137273782199,0.7967641064966395,-3.263431436430408,0.0005784999999998932,1.0653751999999996,1.0664514,0.0016913999999998985,1.0681428,10.041958333333362,37.1052086332761,32.198757945845294,0.015467618,6354.051105569117,0.015524552,-5.6933999999999804e-05,-1.7475744000986955,-2.1404884281878855,-4.43927856799074,-6.277335405049959,0.3394035199213833,-2.354788633232388,-5.833125541120238e-06,1.0673452964733043,1.0664514,0.002599599999999924,1.0664585,-1.9984242424260744e-05,1.0685331951515167,10.041974333333346,38.138309,31.041136885840285,0.01535425,196710.26010972162,0.015524552,-0.00016227499999999992
3,18,5.6C(19%)-4.6C-newstructure,1146.0,-4.108311054171131,-3.223180212794569,-6.980406027832971,-4.664116653527082,0.6876083154724396,-3.190283270509971,0.0004321499999999873,1.0672084499999994,1.0680237,0.0013218000000001506,1.0693455,10.04334000000005,37.82049796772133,32.183355088764074,0.015044483,6510.907018851256,0.015098186,-5.3702999999998696e-05,-1.6297503059145464,-1.9853846641934176,-4.2536174894114485,-5.1402371586771025,0.28844521755588487,-2.300340515961814,-2.927494124922568e-05,1.0703619310946189,1.0680237,0.0021301000000000236,1.0670015,-7.005818181821136e-05,1.0740334163636391,10.043129666666696,38.518787,32.020798,0.014978203,157379.19264488775,0.015098186,-3.7439999999999696e-05
3,19,5.6C(36%)-4.3C-newstructure,1155.0,-4.661851186703216,-3.5243954263015036,-7.604873881631248,-4.715273725503997,0.7085100796586569,-3.403717049946056,0.00047774000000006065,1.0710986099999986,1.0719248,0.0014359000000001565,1.0733607,10.043464999999923,37.66242184323021,31.942102264242553,0.015506864,6481.143343722787,0.015555796,-4.8931999999999795e-05,-1.5969883629889903,-1.9375880193746162,-4.171507362895025,-5.417652272252226,0.2760291962524252,-2.257971241568237,-2.9691358070504438e-05,1.0742350855242218,1.0719248,0.0019749000000000017,1.0708553,-7.901090909089523e-05,1.0787102018181804,10.043436999999928,38.401493,31.769892,0.015178323,157638.67597311657,0.015555796,-4.249000000000093e-05
3,20,5C(67%)-4C-newstructure,813.0,-4.505238672124644,-3.3640654264026026,-6.631234403319912,-4.013528963689514,1.1094798164206336,-3.4692739536747217,0.0005128500000000157,1.0641339999999992,1.0650502,0.0015085000000001347,1.0665587,10.043359999999971,35.498476433848055,30.683536469516717,0.015334478,6294.848647379857,0.015409848,-7.536999999999995e-05,-1.55172674423117,-1.9237462109054284,-4.065910181495544,-4.969121785834043,0.2594026164416837,-2.457876484082314,-7.154074211500192e-06,1.0678147557645838,1.0650502,0.0030607000000000273,1.0664401,-4.0721212121225944e-05,1.070552775757577,10.04332966666664,36.232254,30.598567437403773,0.015206913,153770.8360973454,0.015409848,-7.635700000000085e-05
3,21,3.7C(31%)-5.9C-newstructure,772.0,-3.415485752020564,-4.397458664913911,-7.246100227723204,-4.021557976858059,1.157284651109897,-4.2856377387109275,0.00013256999999988362,1.0675994299999996,1.0678563,0.0004140999999999728,1.0682704,10.068295000000035,37.80295415324859,31.793474,0.01394002,6307.46037900979,0.013943589,6.547000000000844e-06,-1.363751396832805,-1.6282174482159204,-3.7038921739552135,-4.79572955858537,0.3332280431880116,-1.73669864438632,-0.0001594917019171322,1.070112266696763,1.0678563,0.0008403999999999634,1.0538316,-0.00019249454545455243,1.0731308890909097,10.067868000000017,38.317612,31.554761921167493,0.01394002,150690.1557693993,0.013943589,0.00023393700000000003
3,22,5.9C(60%)-3.1C-newstructure,1002.0,-4.4634345487843445,-3.503845322240719,-7.064413749253404,-4.1256332050567215,0.9664024229701207,-3.507079449185533,0.0005019699999999703,1.0553545799999995,1.0562643,0.0014764000000000443,1.0577407,10.043587916666608,37.420742,31.518740254899292,0.015762733,6198.238362163747,0.015852775,-9.004199999999851e-05,-1.5465390127724639,-1.8625651617897585,-4.046387885320449,-5.7763628360627175,0.23830368495343052,-2.225471820646765,-1.5988764378483083e-05,1.0589703502156254,1.0562643,0.002844599999999975,1.0569046,-5.2859393939410386e-05,1.0622420321212136,10.043384333333282,37.97354076473168,31.405123,0.015614755,150655.67565914014,0.015852775,-0.00012298300000000012
3,24,5C(67%)-4C-newstructure,825.0,-3.914761013888441,-3.20892878024187,-6.384750076452143,-4.122874048357662,0.9090352973132727,-3.4240397093982184,0.0007493000000000933,1.044885799999999,1.0462732,0.002227300000000154,1.0485005,10.042310416666563,37.042282,31.965188807789183,0.015678152,6283.136905068978,0.015751192,-7.303999999999991e-05,-1.6060319403400782,-1.985249237193808,-4.154820483102516,-4.973985522589872,0.24008670056534936,-2.696591531400046,9.6505887445875e-06,1.0499490280548336,1.0462732,0.004855700000000018,1.050084,-5.473030303031086e-05,1.0555170539393945,10.042240333333272,37.871063,31.712324162858778,0.01550305,155166.84519684443,0.015751192,-0.0001505590000000015
3,25,5.3C(54%)-4C-newstructure,989.0,-4.656890297460897,-3.178852163853887,-6.718734958576425,-4.656754582096413,0.6269005843232454,-3.2205247294941297,0.0006128299999998863,1.0600113199999992,1.0611302,0.0018598999999999144,1.0629901,10.041796666666718,38.604427,32.119164,0.015674211,6618.364324687951,0.015752004,-7.779299999999961e-05,-1.5755063124244277,-1.961545893215308,-4.146126232959254,-4.936102642460691,0.2848063178690655,-2.4652212827431526,6.950843537418871e-06,1.064468012030096,1.0611302,0.004340299999999964,1.0643663,-5.590848484850476e-05,1.0698965703030323,10.041598333333386,39.595110804534556,31.926973,0.015591009,163185.57314709993,0.015752004,-4.924599999999932e-05
3,26,5.6C(19%)-4.6C-newstructure,1028.0,-4.541629809570678,-3.2745149928446367,-6.792479059609919,-4.343474762767024,0.8077591175630051,-3.2801669164482634,0.0005693899999999381,1.0708544099999995,1.0720186,0.0017472999999998962,1.0737659,10.041618750000028,38.848377,32.16709228325192,0.015630158,6787.786270528403,0.015693368,-6.320999999999757e-05,-1.6165591632709488,-1.9939794863681046,-4.219072902127027,-4.965776501464565,0.2876935891601724,-2.3850768180341175,-4.2884230055903015e-07,1.0751341679270245,1.0720186,0.0037909000000000415,1.074435,-4.3655151515148716e-05,1.0787545169696966,10.041816666666708,39.786995,31.812666,0.015538619,165986.94719475435,0.015693368,-4.2369000000000434e-05
3,27,5.6C(36%)-4.3C-newstructure,850.0,-5.556424482011404,-3.330158818199598,-6.723108261747665,-4.106831828140401,1.0125591947694614,-3.35726096518867,0.0006983799999999477,1.0591385199999994,1.0604171,0.002074200000000026,1.0624913,10.045238333333328,38.21135218612353,32.02867562831059,0.014976198,6568.437866802569,0.015073455,-9.72569999999999e-05,-1.575113615428363,-1.9702141433069023,-4.12969779916042,-4.942306919428811,0.2755074713210565,-2.5382127119512363,-4.0353704390864875e-06,1.0639148665186557,1.0604171,0.004035500000000081,1.0627574,-4.6492727272754757e-05,1.0673721254545483,10.045022333333327,38.98098,31.88298,0.014868693,160943.88638771416,0.015073455,-9.954799999999965e-05
3,28,3.7C(31%)-5.9C-newstructure,541.0,-3.7932927616027388,-3.7508809197885102,-6.395741276511481,-3.9876922637491967,1.1312267371400926,-4.090836134766895,0.00027368999999999376,1.0513834099999992,1.0518668,0.0008316999999999908,1.0526985,10.059567500000048,39.56024533583506,32.080593,0.013169404,6602.235288327866,0.013169404,1.1637000000000106e-05,-1.2378383926134868,-1.519186777295027,-3.4512233812429836,-5.023396751226478,0.3052865761981611,-1.6640422959373926,-0.00019802208534322756,1.0546211465545243,1.0518668,0.0008316999999999908,1.0340093,-0.000267253333333343,1.0606691533333341,10.05914166666674,39.85648636436463,31.972694,0.013169404,159781.30276694114,0.013169404,0.00043592300000000125
3,29,5.9C(15%)-4.6C-newstructure,858.0,-4.184302564435545,-3.2523678511643297,-7.011284794758051,-4.436875752084369,0.7982703343920795,-3.254149032481551,0.0006925699999999571,1.0650886799999992,1.0663688,0.0021212999999999926,1.0684901,10.041549166666666,31.723620496649367,30.660296633286524,0.014925562,6020.219103444587,0.014962286,-3.672400000000013e-05,-1.5387795593022975,-1.946899452314245,-4.06314158842719,-4.9578609489111924,0.2601291701708859,-2.5708894631079646,4.077620284472189e-06,1.0702923110624611,1.0663688,0.0048319999999999474,1.0696349,-5.961212121213204e-05,1.0755420975757586,10.041687666666647,31.999889,30.393116,0.014745088,147823.56267318642,0.014962286,-0.00016551100000000013
3,30,5.3C(54%)-4C-newstructure,935.0,-3.8252661294761636,-3.5377517756603787,-6.655572286027106,-4.019150983721541,1.130642573849448,-3.43641778633764,0.0006009799999999372,1.0676750699999995,1.0687393,0.0018195999999999213,1.0705589,10.04381999999999,33.84727471619303,30.579279,0.015640054,6162.942814271875,0.015732529,-9.247499999999811e-05,-1.5728845665772753,-1.953209518320929,-4.099791035006636,-4.911939152584083,0.270233998502756,-2.463213830107379,-3.416536796534243e-06,1.071880174689754,1.0687393,0.0036004999999998955,1.0710108,-3.100909090907998e-05,1.074063598181817,10.043678666666674,34.756857996430846,30.474829,0.015509814,149379.61905174924,0.015732529,-0.00011412599999999912
3,31,5.9C(60%)-3.1C-newstructure,731.0,-5.546204665507821,-3.5364994030526047,-7.496446405118761,-4.666879866157731,0.7867420368508524,-3.4206137378494637,0.0006040699999999165,1.0670433799999999,1.0681812,0.0018172000000000743,1.0699984,10.046340416666618,36.73256218492086,31.205124,0.015887896,6465.917643877674,0.015983483,-9.558700000000114e-05,-1.4483132816471656,-1.786467672163856,-3.839168513661697,-5.417743224807947,0.2325803311037575,-2.235669873313085,-8.999562152133179e-06,1.071258665548546,1.0681812,0.0034605000000000885,1.0698149,-3.540727272728333e-05,1.0732814145454554,10.046477666666663,37.242977,30.816336554657795,0.015812302,158960.83800389472,0.015983483,-2.983200000000047e-05
3,33,5C(67%)-4C-newstructure,1284.0,-3.9888999256357067,-3.4253480563292844,-6.586259005425552,-4.110581468823408,0.9797896857178693,-3.938113279643353,0.000478479999999906,1.0593429699999999,1.060272,0.0014166999999998264,1.0616887,10.043284583333358,34.254642,31.534624,0.01540985,5943.361633306502,0.015511206,-7.920699999999954e-05,-1.7014541887150514,-2.105203467905226,-4.395463821299672,-4.876714344988062,0.29908760354855246,-2.5171675344319775,-1.2591045145338765e-05,1.062801338251907,1.060272,0.00264439999999988,1.0609198,-5.687757575757686e-05,1.0666273884848485,10.043301333333366,34.695709,31.415869,0.015279103,143607.7374479066,0.015511206,-0.00015399299999999984
3,34,5.3C(54%)-4C-newstructure,1158.0,-3.713748497249042,-3.5743330799529986,-7.061804145772415,-4.525257696963422,0.7703068976500678,-3.4362935175662157,0.0005187700000000475,1.0605018299999989,1.061535,0.0015693000000001067,1.0631043,10.044318749999972,38.795208,32.070976,0.015346847,6406.839301541965,0.015438841,-9.199399999999976e-05,-1.6673617546311603,-2.019905433068519,-4.305224992817558,-5.2349927831537055,0.2658044580269918,-2.4088690853304073,-2.115797278911987e-05,1.0643250697435578,1.061535,0.0027430999999999983,1.0615493,-7.76575757575774e-05,1.0693081484848483,10.044184666666649,39.49040963165045,31.956257,0.015220164,155582.00363688907,0.015438841,-0.00010690799999999931
3,35,5.6C(19%)-4.6C-newstructure,1093.0,-4.5491748302351445,-3.3088379054730686,-6.5926762315730265,-4.030501022171702,1.099851016754455,-3.6773062656838773,0.0003723899999999408,1.0626824099999994,1.0633804,0.0010613999999999901,1.0644418,10.04319875000001,38.370171,32.005104,0.015424388,6477.700352370393,0.01549053,-6.614199999999994e-05,-1.6377423618849243,-2.0076044252403284,-4.234423777950546,-5.0282153387532915,0.2665095232313088,-2.4685475195201247,-1.953093877550817e-05,1.0654954172714899,1.0633804,0.002049399999999979,1.0632331,-4.9812727272764123e-05,1.0681985454545488,10.043148666666676,39.086731,31.761244,0.015308049,155736.5485124043,0.01549053,-7.601500000000046e-05
3,36,5.6C(36%)-4.3C-newstructure,923.0,-3.7813322993124845,-3.8042244374815737,-7.006567719026757,-3.990858144184839,1.1729881510641245,-4.414443333548412,0.0004754199999998555,1.0566238799999996,1.0575287,0.0013847000000000165,1.0589134,10.043838750000033,39.17541812723602,31.99884,0.015195306,6426.591913222945,0.015267849,-7.254299999999957e-05,-1.6386157036816351,-2.0039983334936293,-4.253023408907191,-5.100116743404551,0.27947839190292906,-2.4241688078925825,-2.197191960420188e-05,1.0604838153745615,1.0575287,0.003076099999999915,1.0577667,-5.9386060606053545e-05,1.0636667387878778,10.043801000000046,39.893036,31.939495,0.015083324,155997.97047150656,0.015267849,-8.82880000000006e-05
3,37,4.8C(80%)-4.8C-newstructure,1390.0,-4.8028613909367275,-3.401667725447104,-6.598682573049312,-3.9966863583263867,1.1500976629234043,-3.504882584461406,0.00045249999999997945,1.0460405499999994,1.0465839,0.0015361000000000402,1.04812,11.038604166666666,37.813065,31.78433850330549,0.014867291,6337.129278057558,0.014924189,-5.064299999999952e-05,-2.073666661884879,-2.967865854005514,-5.0984213376234795,-4.446049456903329,0.8074659638905617,-2.892832488148847,-2.0516487322216555e-06,1.0495469381257467,1.0465839,0.012100800000000023,1.0483961,-6.313090909092821e-05,1.0546116018181835,11.038556666666702,38.20889912669421,31.092140415529904,0.01243343,154500.68367434002,0.014924189,-0.00013295699999999952
3,38,5C(67%)-4C-newstructure,1935.0,-3.915439463545203,-3.6567379696009445,-7.086941867717116,-4.191264651562323,0.9314350864710054,-3.652993041110858,0.0004739900000000461,1.0693103099999988,1.0701473,0.0014319000000000415,1.0715792,10.044916250000036,37.51201168911029,31.32050509122807,0.015907407,6350.058762592357,0.015988033,-8.062600000000031e-05,-1.695789490226726,-2.060826155155733,-4.341618532018267,-5.766283530918317,0.26081364268604196,-2.420699082358113,-8.787589363021427e-06,1.0724309185726653,1.0701473,0.0025093000000000476,1.0710695,-6.188181818183164e-05,1.0772456436363649,10.044471,38.268311,30.966864,0.015742945,152434.09823874952,0.015988033,-0.00011589700000000022
3,39,5.3C(54%)-4C-newstructure,1156.0,-4.396763875934451,-3.33791292003382,-6.83100634839518,-4.151708673631836,1.0353565156471443,-3.29813196701449,0.0005342099999999981,1.0463720899999993,1.0474036,0.001595000000000013,1.0489986,10.04395666666666,35.97841182648848,31.29574,0.015611636,5881.029870567176,0.015740704,-0.00012906800000000128,-1.758007558315108,-2.191894500525985,-4.454200564792302,-5.033816816914326,0.300375136032784,-2.7905092735755983,-6.583238095233322e-06,1.050918795647907,1.0474036,0.004107000000000083,1.0495038,-2.41103030303177e-05,1.0520108139393956,10.043833000000012,36.491322,30.99731619825322,0.015480768,142314.4279957202,0.015740704,-0.00015527400000000038
3,40,5.6C(19%)-4.6C-newstructure,796.0,-5.873984692875161,-3.0433537289312174,-6.299752184270887,-4.2075800032784745,0.9081869528815143,-3.067078069448169,0.0006938999999999734,1.0579202499999996,1.0593235,0.0019907999999999593,1.0613143,10.043426249999962,37.143351351497984,30.76704452114978,0.015510818,6517.63871265914,0.015561919,-5.110100000000131e-05,-1.6565166769039124,-2.041968610115685,-4.294673763163302,-5.001095773912245,0.269860029687799,-2.601384255320523,-7.692147186143209e-06,1.0633916873852807,1.0593235,0.004510000000000014,1.0617574,-4.8289696969703086e-05,1.0666356460606066,10.043562999999995,38.358112,30.658075,0.015254971,158105.63856367924,0.015561919,-0.00023430500000000062
3,41,5.6C(36%)-4.3C-newstructure,786.0,-4.501933638418243,-2.9963542004354085,-5.945683665399655,-4.305678114981642,0.642495250140235,-3.3011737588998202,0.0006727599999999524,1.0492884399999998,1.0505219,0.00203310000000001,1.052555,10.042947500000022,36.37577341631561,30.754568,0.018458921,6159.34582447685,0.01854171,-8.278899999999978e-05,-1.6163103876714375,-2.0110822284940277,-4.219074858982626,-4.947169340696424,0.2871004423131892,-2.4909418199518174,9.732244897959292e-06,1.0538777989445467,1.0505219,0.004361900000000141,1.0541531,-5.06472727272885e-05,1.0591494945454558,10.042974333333357,37.245838,30.47063701600857,0.017006677,149636.3711211466,0.01854171,-0.00017313199999999945
3,42,4.8C(80%)-4.8C-newstructure,1642.0,-3.0118531264341493,-3.7982353807864966,-6.879727167764554,-4.446107272734663,0.9659357945340404,-3.3457003763455293,0.0005463800000000641,1.0659210699999988,1.0669198,0.0016705000000001302,1.0685903,11.038902083333294,35.156116,30.48805662056261,0.016322834,6515.906816863216,0.016376682,-5.38479999999987e-05,-2.2510534698891034,-3.105396273389268,-4.345760173287821,-4.201895760449663,0.7723395678442172,-3.343783710029996,1.8104885590570822e-06,1.069428021649144,1.0669198,0.0030687000000000353,1.0689646,-2.3201212121231736e-05,1.0713579757575775,11.038937333333307,37.087307,30.329844727413835,0.015753616,157297.51782221155,0.016376682,-0.0005620929999999996
3,43,5C(67%)-4C-newstructure,1046.0,-2.0361705203864,-2.9782604348043025,-5.257514620626316,-4.17053484777271,0.8336276340932324,-3.6398582782763005,0.0005071099999998892,1.0692285899999998,1.0701852,0.0015254999999998464,1.0717107,10.043921666666634,36.87484679717837,30.78308074688092,0.015788259,6501.756691733549,0.015843671,-5.541200000000121e-05,-1.8868458094603582,-2.485976248975472,-4.3163135082513255,-4.513538190756852,0.5851010619652042,-2.8608205211381126,3.041014223876659e-06,1.0727293355473093,1.0701852,0.0031487999999999516,1.0724185,-4.398121212123815e-05,1.0767693957575781,10.043887666666608,38.634735,30.366573,0.015550403,157521.16962988707,0.015843671,-0.00014502799999999844
3,44,5.3C(54%)-4C-newstructure,940.0,-4.303933948810099,-3.313413326840252,-6.759169631668215,-4.28416118644711,0.8345973754870004,-3.502657516111255,0.0005717399999999513,1.0685941099999994,1.06972,0.001720600000000072,1.0714406,10.04345666666662,36.097667577581895,30.5702937864592,0.015644995,6361.721908167499,0.015722955,-7.796000000000192e-05,-1.5852750745744224,-1.9495792102050353,-4.131061010602478,-5.111514490162718,0.2459083141905322,-2.5037374953877367,4.689736549163306e-06,1.0730782133349823,1.06972,0.004184900000000047,1.0729284,-1.7926666666705958e-05,1.0746688466666705,10.043435666666628,36.881859,30.183569,0.01551657,154969.0636825761,0.015722955,-0.00010574500000000084
3,45,4.8C(80%)-4.8C-newstructure,1801.0,-4.065833590436026,-3.2657776897832225,-6.952829611289634,-4.33563465282371,0.8471075483893422,-3.3259345390100683,0.0003516900000000238,1.0689448099999992,1.0695485,0.0010698000000000096,1.0706183,11.037625833333367,34.548187,30.620083,0.015679035,6371.422513039011,0.015742011,-6.297599999999931e-05,-1.7830965362089448,-2.1468037392851236,-4.520416288811736,-4.983936794896998,0.26075603060421776,-2.57225561444415,-1.2584539269261775e-07,1.0714722756907844,1.0695485,0.0025961999999999374,1.0711251,-7.187878787901366e-06,1.0717359024242445,11.037649999999994,35.085537,30.620083,0.015557319,152706.40075338504,0.015742011,-7.953999999999947e-05
