scheme,partition,life_group,n_cells,mape_pct,mae_cycles,mean_signed_error_cycles,overpredicted_cells
binary_550,Train (Batch 1 CV),short_le550,1,9.4591400376851,50.51180780123843,50.51180780123843,1
binary_550,Train (Batch 1 CV),long_gt550,28,6.05072645788701,49.86460286661434,0.8986567984958883,18
binary_550,Valid (Batch 1 Hold-out),short_le550,0,,,,0
binary_550,Valid (Batch 1 Hold-out),long_gt550,7,6.721941443907661,53.806999015553984,-15.906423022699594,3
binary_550,Test (Batch 2),short_le550,30,24.384604145928005,109.51970985886622,103.82232704016475,28
binary_550,Test (Batch 2),long_gt550,9,29.491505963773914,259.82226901617724,259.82226901617724,9
binary_550,Test (Batch 3),short_le550,1,1.3969485546012965,7.557491680393014,-7.557491680393014,0
binary_550,Test (Batch 3),long_gt550,43,10.734931758906445,122.83912673650714,-11.813756894352466,25
three_500_1000,Train (Batch 1 CV),short_lt500,0,,,,0
three_500_1000,Train (Batch 1 CV),middle_500_1000,25,5.457887719759467,40.09744793560989,20.798347513412637,19
three_500_1000,Train (Batch 1 CV),long_gt1000,4,10.608071966133682,111.07112241904815,-111.07112241904815,0
three_500_1000,Valid (Batch 1 Hold-out),short_lt500,0,,,,0
three_500_1000,Valid (Batch 1 Hold-out),middle_500_1000,6,6.594174321857597,50.11919252702139,-5.901853868691262,3
three_500_1000,Valid (Batch 1 Hold-out),long_gt1000,1,7.488544176208045,75.93383794674958,-75.93383794674958,0
three_500_1000,Test (Batch 2),short_lt500,28,24.184408878147426,107.4860545096359,101.38171577531291,26
three_500_1000,Test (Batch 2),middle_500_1000,8,34.98059330337824,272.8900833966266,272.8900833966266,8
three_500_1000,Test (Batch 2),long_gt1000,3,13.317827678883873,143.75384115625448,143.75384115625448,3
three_500_1000,Test (Batch 3),short_lt500,0,,,,0
three_500_1000,Test (Batch 3),middle_500_1000,21,10.515678373541292,86.66581711950542,69.1423791743268,17
three_500_1000,Test (Batch 3),long_gt1000,23,10.52912036274832,150.85468616698196,-85.54517394775705,8
