batch,cell_id,window,temperature_expected_cycles,temperature_valid_cycles,temperature_integral_missing
1,5,5,4,4,False
1,5,100,99,99,False
1,6,5,4,4,False
1,6,100,99,99,False
1,7,5,4,4,False
1,7,100,99,99,False
1,9,5,4,4,False
1,9,100,99,99,False
1,11,5,4,4,False
1,11,100,99,99,False
1,14,5,4,4,False
1,14,100,99,99,False
1,15,5,4,4,False
1,15,100,99,99,False
1,16,5,4,4,False
1,16,100,99,99,False
1,17,5,4,4,False
1,17,100,99,99,False
1,18,5,4,4,False
1,18,100,99,99,False
1,19,5,4,4,False
1,19,100,99,99,False
1,20,5,4,4,False
1,20,100,99,99,False
1,21,5,4,4,False
1,21,100,99,99,False
1,23,5,4,4,False
1,23,100,99,99,False
1,24,5,4,4,False
1,24,100,99,99,False
1,25,5,4,4,False
1,25,100,99,99,False
1,26,5,4,4,False
1,26,100,99,99,False
1,27,5,4,4,False
1,27,100,99,99,False
1,28,5,4,4,False
1,28,100,99,99,False
1,29,5,4,4,False
1,29,100,99,99,False
1,30,5,4,4,False
1,30,100,99,99,False
1,31,5,4,4,False
1,31,100,99,99,False
1,32,5,4,4,False
1,32,100,99,99,False
1,33,5,4,4,False
1,33,100,99,99,False
1,34,5,4,4,False
1,34,100,99,99,False
1,35,5,4,4,False
1,35,100,99,99,False
1,36,5,4,4,False
1,36,100,99,99,False
1,37,5,4,4,False
1,37,100,99,99,False
1,38,5,4,4,False
1,38,100,99,99,False
1,39,5,4,4,False
1,39,100,99,99,False
1,40,5,4,4,False
1,40,100,99,98,True
1,41,5,4,4,False
1,41,100,99,99,False
1,42,5,4,4,False
1,42,100,99,99,False
1,43,5,4,4,False
1,43,100,99,99,False
1,44,5,4,4,False
1,44,100,99,99,False
1,45,5,4,4,False
1,45,100,99,99,False
2,0,5,4,4,False
2,0,100,99,99,False
2,1,5,4,4,False
2,1,100,99,99,False
2,2,5,4,4,False
2,2,100,99,99,False
2,3,5,4,4,False
2,3,100,99,99,False
2,4,5,4,4,False
2,4,100,99,99,False
2,5,5,4,4,False
2,5,100,99,99,False
2,6,5,4,4,False
2,6,100,99,99,False
2,7,5,4,4,False
2,7,100,99,99,False
2,8,5,4,4,False
2,8,100,99,99,False
2,9,5,4,4,False
2,9,100,99,99,False
2,10,5,4,4,False
2,10,100,99,99,False
2,11,5,4,4,False
2,11,100,99,99,False
2,12,5,4,4,False
2,12,100,99,99,False
2,13,5,4,4,False
2,13,100,99,99,False
2,14,5,4,4,False
2,14,100,99,99,False
2,15,5,4,4,False
2,15,100,99,99,False
2,16,5,4,4,False
2,16,100,99,99,False
2,17,5,4,4,False
2,17,100,99,99,False
2,18,5,4,4,False
2,18,100,99,99,False
2,19,5,4,4,False
2,19,100,99,99,False
2,20,5,4,4,False
2,20,100,99,99,False
2,21,5,4,4,False
2,21,100,99,99,False
2,24,5,4,4,False
2,24,100,99,99,False
2,25,5,4,4,False
2,25,100,99,99,False
2,26,5,4,4,False
2,26,100,99,99,False
2,27,5,4,4,False
2,27,100,99,99,False
2,28,5,4,4,False
2,28,100,99,99,False
2,29,5,4,4,False
2,29,100,99,99,False
2,30,5,4,4,False
2,30,100,99,99,False
2,31,5,4,4,False
2,31,100,99,99,False
2,32,5,4,4,False
2,32,100,99,99,False
2,33,5,4,4,False
2,33,100,99,99,False
2,34,5,4,4,False
2,34,100,99,99,False
2,41,5,4,4,False
2,41,100,99,99,False
2,42,5,4,4,False
2,42,100,99,99,False
2,43,5,4,4,False
2,43,100,99,99,False
2,44,5,4,4,False
2,44,100,99,99,False
2,45,5,4,4,False
2,45,100,99,99,False
2,46,5,4,4,False
2,46,100,99,99,False
3,0,5,4,4,False
3,0,100,99,99,False
3,1,5,4,4,False
3,1,100,99,99,False
3,2,5,4,4,False
3,2,100,99,99,False
3,3,5,4,4,False
3,3,100,99,99,False
3,4,5,4,4,False
3,4,100,99,99,False
3,5,5,4,4,False
3,5,100,99,99,False
3,6,5,4,4,False
3,6,100,99,99,False
3,7,5,4,4,False
3,7,100,99,99,False
3,8,5,4,4,False
3,8,100,99,99,False
3,9,5,4,4,False
3,9,100,99,99,False
3,10,5,4,4,False
3,10,100,99,99,False
3,11,5,4,4,False
3,11,100,99,99,False
3,12,5,4,4,False
3,12,100,99,99,False
3,13,5,4,4,False
3,13,100,99,99,False
3,14,5,4,4,False
3,14,100,99,99,False
3,15,5,4,4,False
3,15,100,99,99,False
3,16,5,4,4,False
3,16,100,99,99,False
3,17,5,4,4,False
3,17,100,99,99,False
3,18,5,4,4,False
3,18,100,99,99,False
3,19,5,4,4,False
3,19,100,99,99,False
3,20,5,4,4,False
3,20,100,99,99,False
3,21,5,4,4,False
3,21,100,99,99,False
3,22,5,4,4,False
3,22,100,99,99,False
3,24,5,4,4,False
3,24,100,99,99,False
3,25,5,4,4,False
3,25,100,99,99,False
3,26,5,4,4,False
3,26,100,99,99,False
3,27,5,4,4,False
3,27,100,99,99,False
3,28,5,4,4,False
3,28,100,99,99,False
3,29,5,4,4,False
3,29,100,99,99,False
3,30,5,4,4,False
3,30,100,99,99,False
3,31,5,4,4,False
3,31,100,99,99,False
3,33,5,4,4,False
3,33,100,99,99,False
3,34,5,4,4,False
3,34,100,99,99,False
3,35,5,4,4,False
3,35,100,99,99,False
3,36,5,4,4,False
3,36,100,99,99,False
3,37,5,4,4,False
3,37,100,99,99,False
3,38,5,4,4,False
3,38,100,99,99,False
3,39,5,4,4,False
3,39,100,99,99,False
3,40,5,4,4,False
3,40,100,99,99,False
3,41,5,4,4,False
3,41,100,99,99,False
3,42,5,4,4,False
3,42,100,99,99,False
3,43,5,4,4,False
3,43,100,99,99,False
3,44,5,4,4,False
3,44,100,99,99,False
3,45,5,4,4,False
3,45,100,99,99,False
