batch,policy,n_cells,mean_life,median_life,equivalent_c
1,4.4C(80%)-4.4C,1,1074.0,1074.0,4.4
1,4.8C(80%)-4.8C,2,753.0,753.0,4.8
1,5.4C(40%)-3.6C,1,1054.0,1054.0,4.32
1,5.4C(50%)-3C,1,788.0,788.0,4.153846153846154
1,5.4C(60%)-3.6C,2,859.5,859.5,4.8
1,5.4C(60%)-3C,2,799.5,799.5,4.499999999999999
1,5.4C(70%)-3C,2,739.5,739.5,4.909090909090909
1,5.4C(80%)-5.4C,2,546.5,546.5,5.4
1,6C(30%)-3.6C,1,1014.0,1014.0,4.235294117647059
1,6C(40%)-3.6C,2,856.0,856.0,4.5
1,6C(40%)-3C,2,935.5,935.5,4.0
1,6C(50%)-3.6C,2,792.5,792.5,4.8
1,6C(50%)-3C,2,888.5,888.5,4.363636363636363
1,6C(60%)-3C,2,744.0,744.0,4.8
1,7C(30%)-3.6C,2,722.5,722.5,4.401746724890829
1,7C(40%)-3.6C,2,621.0,621.0,4.754716981132075
1,7C(40%)-3C,2,676.0,676.0,4.2
1,8C(15%)-3.6C,2,1008.5,1008.5,4.013937282229966
1,8C(25%)-3.6C,2,676.5,676.5,4.347169811320755
1,8C(35%)-3.6C,2,607.5,607.5,4.7407407407407405
2,3.6C(30%)-6C,2,421.0,421.0,4.800000000000001
2,3.6C(9%)-5C,2,394.5,394.5,4.790419161676646
2,4.65C(44%)-5C,2,482.5,482.5,4.80123902942695
2,4.65C(69%)-6C,2,452.0,452.0,4.798452112221864
2,4.8C(80%)-4.8C,5,483.6,492.0,4.8
2,4.8C(80%)-4.8C-newstructure,3,871.6666666666666,809.0,4.8
2,5.2C(50%)-4.25C,5,454.0,449.0,4.797829036635006
2,5.2C(58%)-4C,4,477.75,483.0,4.803695150115473
2,5.2C(58%)-4C-newstructure,3,961.6666666666666,904.0,4.803695150115473
2,5.6C(26%)-4.5C,6,448.5,446.0,4.8068669527897
2,5.6C(26%)-4.5C-newstructure,3,991.3333333333334,997.0,4.8068669527897
2,6C(60%)-3C,2,400.0,400.0,4.8
3,3.7C(31%)-5.9C-newstructure,3,660.0,667.0,4.795167490389896
3,4.8C(80%)-4.8C-newstructure,6,1564.1666666666667,1640.0,4.8
3,5.3C(54%)-4C-newstructure,8,1074.375,1051.0,4.7936687394007915
3,5.6C(19%)-4.6C-newstructure,8,1001.375,1038.0,4.803729603729602
3,5.6C(36%)-4.3C-newstructure,8,930.875,890.5,4.8015952143569285
3,5.9C(15%)-4.6C-newstructure,2,867.0,867.0,4.798232044198895
3,5.9C(60%)-3.1C-newstructure,2,866.5,866.5,4.813157894736842
3,5C(67%)-4C-newstructure,7,1105.7142857142858,1009.0,4.804804804804805
