batch,cell_id,policy,cycle_life,partition,fold,predicted_cycle_life,signed_error_cycles,ape_pct
1,16,5.4C(60%)-3.6C,862.0,Train (Batch 1 CV),1.0,945.4236559516288,83.42365595162892,9.677918323854865
1,17,5.4C(60%)-3.6C,857.0,Train (Batch 1 CV),1.0,874.5911360073784,17.591136007378395,2.052641307745437
1,26,6C(40%)-3.6C,870.0,Train (Batch 1 CV),1.0,778.7226840469409,-91.27731595305907,10.491645511845872
1,27,6C(40%)-3.6C,842.0,Train (Batch 1 CV),1.0,810.772024678558,-31.227975321442045,3.7087856676296966
1,38,7C(40%)-3.6C,617.0,Train (Batch 1 CV),1.0,580.2491483816021,-36.75085161839786,5.9563778960126195
1,39,7C(40%)-3.6C,625.0,Train (Batch 1 CV),1.0,619.423894546582,-5.576105453417995,0.892176872546879
1,44,8C(35%)-3.6C,616.0,Train (Batch 1 CV),1.0,573.482236789886,-42.517763210114026,6.9022342873561735
1,45,8C(35%)-3.6C,599.0,Train (Batch 1 CV),1.0,575.9988221323302,-23.001177867669753,3.839929527156887
1,11,5.4C(50%)-3C,788.0,Train (Batch 1 CV),2.0,998.865961508026,210.8659615080261,26.759639785282495
1,20,5.4C(80%)-5.4C,534.0,Train (Batch 1 CV),2.0,589.5762959475647,55.576295947564745,10.407546057596392
1,21,5.4C(80%)-5.4C,559.0,Train (Batch 1 CV),2.0,582.8772133960164,23.877213396016373,4.271415634349977
1,34,7C(30%)-3.6C,742.0,Train (Batch 1 CV),2.0,816.4120690362525,74.41206903625255,10.02858073264859
1,35,7C(30%)-3.6C,703.0,Train (Batch 1 CV),2.0,775.5092825911053,72.50928259110526,10.314264948948116
1,42,8C(25%)-3.6C,702.0,Train (Batch 1 CV),2.0,721.5012283838316,19.50122838383163,2.777952761229577
1,43,8C(25%)-3.6C,651.0,Train (Batch 1 CV),2.0,722.4401896290717,71.44018962907171,10.973915457614702
1,9,5.4C(40%)-3.6C,1054.0,Train (Batch 1 CV),3.0,870.9891270683961,-183.0108729316039,17.363460429943444
1,18,5.4C(70%)-3C,691.0,Train (Batch 1 CV),3.0,411.0871283250723,-279.9128716749277,40.50837506149461
1,19,5.4C(70%)-3C,788.0,Train (Batch 1 CV),3.0,671.9761952562703,-116.02380474372968,14.723833089305796
1,30,6C(50%)-3.6C,709.0,Train (Batch 1 CV),3.0,734.229501360094,25.22950136009399,3.5584628152459787
1,31,6C(50%)-3.6C,876.0,Train (Batch 1 CV),3.0,743.8323021521779,-132.16769784782207,15.087636740618956
1,40,8C(15%)-3.6C,966.0,Train (Batch 1 CV),3.0,880.2386332167641,-85.76136678323587,8.877988279838082
1,41,8C(15%)-3.6C,1051.0,Train (Batch 1 CV),3.0,880.8672976584643,-170.13270234153572,16.187697653809295
1,5,4.4C(80%)-4.4C,1074.0,Train (Batch 1 CV),4.0,981.1773112480988,-92.8226887519013,8.6427084498977
1,14,5.4C(60%)-3C,880.0,Train (Batch 1 CV),4.0,913.8606845246776,33.86068452467748,3.847805059622441
1,15,5.4C(60%)-3C,719.0,Train (Batch 1 CV),4.0,899.6070899655531,180.6070899655531,25.119205836655507
1,24,6C(40%)-3C,1017.0,Train (Batch 1 CV),4.0,859.4189979729051,-157.58100202709488,15.494690464807755
1,25,6C(40%)-3C,854.0,Train (Batch 1 CV),4.0,904.6452474774088,50.64524747740893,5.930356847471772
1,36,7C(40%)-3C,704.0,Train (Batch 1 CV),4.0,722.9889189858035,18.98891898580348,2.697289628665267
1,37,7C(40%)-3C,648.0,Train (Batch 1 CV),4.0,725.2381861078813,77.23818610788135,11.919473164796504
1,6,4.8C(80%)-4.8C,636.0,Valid (Batch 1 Hold-out),,747.1261299394037,111.12612993940364,17.472661940157806
1,7,4.8C(80%)-4.8C,870.0,Valid (Batch 1 Hold-out),,767.8651723456086,-102.13482765439142,11.739635362573726
1,23,6C(30%)-3.6C,1014.0,Valid (Batch 1 Hold-out),,907.4571674447538,-106.54283255524616,10.507182697756033
1,28,6C(50%)-3C,860.0,Valid (Batch 1 Hold-out),,797.4508926230104,-62.54910737698958,7.273152020580184
1,29,6C(50%)-3C,917.0,Valid (Batch 1 Hold-out),,794.8578917019156,-122.1421082980844,13.319750087032103
1,32,6C(60%)-3C,731.0,Valid (Batch 1 Hold-out),,691.6766441030055,-39.323355896994485,5.379392051572434
1,33,6C(60%)-3C,757.0,Valid (Batch 1 Hold-out),,701.3195169949478,-55.680483005052224,7.355413871209013
2,0,5.2C(58%)-4C,477.0,Test (Batch 2),,631.0057852915816,154.00578529158156,32.28632815337139
2,1,5.6C(26%)-4.5C,491.0,Test (Batch 2),,559.2579942765177,68.2579942765177,13.901831828211344
2,2,5.2C(50%)-4.25C,424.0,Test (Batch 2),,620.2071613117826,196.20716131178256,46.27527389428834
2,3,4.65C(44%)-5C,499.0,Test (Batch 2),,634.6353944241279,135.63539442412787,27.181441768362298
2,4,4.65C(69%)-6C,444.0,Test (Batch 2),,536.6014457905906,92.60144579059056,20.85618148436724
2,5,3.6C(30%)-6C,416.0,Test (Batch 2),,488.11843708656903,72.11843708656903,17.33616276119448
2,6,3.6C(9%)-5C,393.0,Test (Batch 2),,648.5854956527554,255.5854956527554,65.03447726533217
2,7,4.8C(80%)-4.8C-newstructure,777.0,Test (Batch 2),,1013.288790938162,236.28879093816192,30.410397804139244
2,8,5.2C(58%)-4C-newstructure,904.0,Test (Batch 2),,932.9116167305076,28.911616730507717,3.198187691427845
2,9,5.6C(26%)-4.5C-newstructure,791.0,Test (Batch 2),,1089.179159618454,298.1791596184539,37.69648035631528
2,10,4.8C(80%)-4.8C,492.0,Test (Batch 2),,616.4617332480867,124.46173324808672,25.297100253676163
2,11,5.2C(50%)-4.25C,449.0,Test (Batch 2),,630.2498010465947,181.2498010465947,40.36743898587856
2,12,4.65C(44%)-5C,466.0,Test (Batch 2),,514.4065779156646,48.40657791566457,10.387677664305702
2,13,4.65C(69%)-6C,460.0,Test (Batch 2),,576.2841961089971,116.2841961089971,25.27917306717328
2,14,3.6C(30%)-6C,426.0,Test (Batch 2),,498.711876532539,72.71187653253901,17.068515617966902
2,15,3.6C(9%)-5C,396.0,Test (Batch 2),,642.8243843254583,246.82438432545823,62.329389981176334
2,16,4.8C(80%)-4.8C,472.0,Test (Batch 2),,634.0665648122423,162.0665648122423,34.3361366127632
2,17,5.6C(26%)-4.5C,471.0,Test (Batch 2),,636.3424301091889,165.34243010918885,35.10454991702524
2,18,5.2C(50%)-4.25C,449.0,Test (Batch 2),,726.4315235068648,277.4315235068648,61.78875801934628
2,19,6C(60%)-3C,392.0,Test (Batch 2),,556.8928139466448,164.89281394664476,42.06449335373591
2,20,5.2C(58%)-4C,489.0,Test (Batch 2),,612.7078903467083,123.70789034670828,25.298137085216418
2,21,6C(60%)-3C,408.0,Test (Batch 2),,569.3937241627948,161.3937241627948,39.55728533401833
2,24,4.8C(80%)-4.8C,514.0,Test (Batch 2),,696.1418163393254,182.14181633932537,35.43615103877926
2,25,5.2C(58%)-4C,493.0,Test (Batch 2),,650.3496189283109,157.34961892831086,31.916758403308492
2,26,5.6C(26%)-4.5C,450.0,Test (Batch 2),,532.7078937177956,82.70789371779563,18.37953193728792
2,27,5.2C(50%)-4.25C,474.0,Test (Batch 2),,630.5863722622508,156.58637226225085,33.03509963338625
2,28,4.8C(80%)-4.8C,437.0,Test (Batch 2),,605.7493382451387,168.7493382451387,38.61540920941388
2,29,5.2C(58%)-4C,452.0,Test (Batch 2),,639.5279295747525,187.52792957475253,41.48847999441428
2,30,5.6C(26%)-4.5C,412.0,Test (Batch 2),,520.6875414205198,108.68754142051978,26.38047121857276
2,31,5.6C(26%)-4.5C,425.0,Test (Batch 2),,578.8664641166273,153.8664641166273,36.20387390979466
2,32,4.8C(80%)-4.8C-newstructure,809.0,Test (Batch 2),,950.4463877108296,141.44638771082964,17.484102312834317
2,33,5.2C(58%)-4C-newstructure,1140.0,Test (Batch 2),,1013.3051211806036,-126.69487881939642,11.113585861350565
2,34,5.6C(26%)-4.5C-newstructure,1186.0,Test (Batch 2),,1164.2362666673068,-21.763733332693164,1.835053400732982
2,41,5.6C(26%)-4.5C,442.0,Test (Batch 2),,515.8871566322117,73.88715663221171,16.716551274256044
2,42,5.2C(50%)-4.25C,474.0,Test (Batch 2),,629.1348133122852,155.13481331228525,32.72886356799267
2,43,4.8C(80%)-4.8C-newstructure,1029.0,Test (Batch 2),,1039.6170772447038,10.61707724470375,1.0317859324299077
2,44,5.2C(58%)-4C-newstructure,841.0,Test (Batch 2),,1103.272530266824,262.2725302668239,31.185794324235893
2,45,5.6C(26%)-4.5C-newstructure,997.0,Test (Batch 2),,977.3985594501468,-19.601440549853123,1.966042181529902
2,46,4.8C(80%)-4.8C,503.0,Test (Batch 2),,639.7422149955321,136.7422149955321,27.185331013028257
3,0,5C(67%)-4C-newstructure,1009.0,Test (Batch 3),,1022.1957785438728,13.195778543872848,1.3078075861122742
3,1,5.3C(54%)-4C-newstructure,1063.0,Test (Batch 3),,1048.914527355332,-14.085472644668016,1.3250679816244606
3,2,5.6C(19%)-4.6C-newstructure,1267.0,Test (Batch 3),,1438.8197674527644,171.81976745276438,13.561149759492059
3,3,5.6C(36%)-4.3C-newstructure,1115.0,Test (Batch 3),,941.4554726956206,-173.54452730437936,15.564531596805322
3,4,5.6C(19%)-4.6C-newstructure,1048.0,Test (Batch 3),,979.5262412250748,-68.47375877492516,6.533755608294385
3,5,5.6C(36%)-4.3C-newstructure,828.0,Test (Batch 3),,940.1378870490873,112.13788704908734,13.543223073561272
3,6,3.7C(31%)-5.9C-newstructure,667.0,Test (Batch 3),,645.297383601401,-21.702616398599048,3.2537655770013565
3,7,4.8C(80%)-4.8C-newstructure,1836.0,Test (Batch 3),,1218.4764315657524,-617.5235684342476,33.63418128726839
3,8,5C(67%)-4C-newstructure,828.0,Test (Batch 3),,926.6833897272048,98.68338972720483,11.918283783478843
3,9,5.3C(54%)-4C-newstructure,1039.0,Test (Batch 3),,863.9151333694685,-175.08486663053145,16.85128648994528
3,10,4.8C(80%)-4.8C-newstructure,1078.0,Test (Batch 3),,1159.6859142286194,81.68591422861937,7.577543063879348
3,11,5.6C(19%)-4.6C-newstructure,817.0,Test (Batch 3),,811.7338444227412,-5.2661555772588144,0.6445722860781903
3,12,5.6C(36%)-4.3C-newstructure,932.0,Test (Batch 3),,844.5197539565763,-87.48024604342368,9.386292493929579
3,13,5.6C(19%)-4.6C-newstructure,816.0,Test (Batch 3),,928.2153432623397,112.21534326233973,13.75188030175732
3,14,5.6C(36%)-4.3C-newstructure,858.0,Test (Batch 3),,873.5710237252689,15.571023725268901,1.8148046299847205
3,15,5.9C(15%)-4.6C-newstructure,876.0,Test (Batch 3),,874.1364742881115,-1.863525711888542,0.21273124564937695
3,16,4.8C(80%)-4.8C-newstructure,1638.0,Test (Batch 3),,1390.009969685125,-247.99003031487496,15.139806490529606
3,17,5.3C(54%)-4C-newstructure,1315.0,Test (Batch 3),,1157.6902936435192,-157.30970635648077,11.962715312279906
3,18,5.6C(19%)-4.6C-newstructure,1146.0,Test (Batch 3),,1028.0298467915607,-117.97015320843934,10.294079686600291
3,19,5.6C(36%)-4.3C-newstructure,1155.0,Test (Batch 3),,975.4148140761887,-179.5851859238113,15.54850094578453
3,20,5C(67%)-4C-newstructure,813.0,Test (Batch 3),,911.6794687984678,98.67946879846784,12.137696039171935
3,21,3.7C(31%)-5.9C-newstructure,772.0,Test (Batch 3),,723.5120131417858,-48.487986858214185,6.28082731324018
3,22,5.9C(60%)-3.1C-newstructure,1002.0,Test (Batch 3),,900.3621968358777,-101.63780316412226,10.14349332975272
3,24,5C(67%)-4C-newstructure,825.0,Test (Batch 3),,965.0318421755171,140.0318421755171,16.973556627335405
3,25,5.3C(54%)-4C-newstructure,989.0,Test (Batch 3),,959.6655908829451,-29.33440911705486,2.966067655920613
3,26,5.6C(19%)-4.6C-newstructure,1028.0,Test (Batch 3),,1005.5281387423593,-22.47186125764074,2.1859787215603834
3,27,5.6C(36%)-4.3C-newstructure,850.0,Test (Batch 3),,949.6942172344657,99.69421723446567,11.728731439348902
3,28,3.7C(31%)-5.9C-newstructure,541.0,Test (Batch 3),,615.3923928654397,74.39239286543966,13.750904411356684
3,29,5.9C(15%)-4.6C-newstructure,858.0,Test (Batch 3),,910.0361328273568,52.03613282735682,6.064817345845784
3,30,5.3C(54%)-4C-newstructure,935.0,Test (Batch 3),,931.6674449667839,-3.3325550332160674,0.356422998204927
3,31,5.9C(60%)-3.1C-newstructure,731.0,Test (Batch 3),,788.5986770662023,57.5986770662023,7.879435987168577
3,33,5C(67%)-4C-newstructure,1284.0,Test (Batch 3),,1125.712168758973,-158.2878312410271,12.327712713475632
3,34,5.3C(54%)-4C-newstructure,1158.0,Test (Batch 3),,1062.5684387280794,-95.4315612719206,8.241067467350655
3,35,5.6C(19%)-4.6C-newstructure,1093.0,Test (Batch 3),,1015.4810202764454,-77.5189797235546,7.092312874982122
3,36,5.6C(36%)-4.3C-newstructure,923.0,Test (Batch 3),,1027.6527754273623,104.65277542736226,11.338328865369691
3,37,4.8C(80%)-4.8C-newstructure,1390.0,Test (Batch 3),,1800.3059358901087,410.3059358901087,29.518412653964653
3,38,5C(67%)-4C-newstructure,1935.0,Test (Batch 3),,1087.610553114061,-847.3894468859389,43.79273627317514
3,39,5.3C(54%)-4C-newstructure,1156.0,Test (Batch 3),,1168.8406748820057,12.840674882005715,1.110785024394958
3,40,5.6C(19%)-4.6C-newstructure,796.0,Test (Batch 3),,1055.4053664933501,259.40536649335013,32.58861388107414
3,41,5.6C(36%)-4.3C-newstructure,786.0,Test (Batch 3),,1005.552456241511,219.55245624151098,27.93288247347468
3,42,4.8C(80%)-4.8C-newstructure,1642.0,Test (Batch 3),,1112.1910641128775,-529.8089358871225,32.26607404915484
3,43,5C(67%)-4C-newstructure,1046.0,Test (Batch 3),,1070.12852023102,24.128520231020048,2.306741895891018
3,44,5.3C(54%)-4C-newstructure,940.0,Test (Batch 3),,950.4931487868438,10.49314878684379,1.1162924241323182
3,45,4.8C(80%)-4.8C-newstructure,1801.0,Test (Batch 3),,1243.6740494205665,-557.3259505794335,30.9453609427781
