batch,cell_id,policy,split
1,5,4.4C(80%)-4.4C,development
1,9,5.4C(40%)-3.6C,development
1,11,5.4C(50%)-3C,development
1,14,5.4C(60%)-3C,development
1,15,5.4C(60%)-3C,development
1,16,5.4C(60%)-3.6C,development
1,17,5.4C(60%)-3.6C,development
1,18,5.4C(70%)-3C,development
1,19,5.4C(70%)-3C,development
1,20,5.4C(80%)-5.4C,development
1,21,5.4C(80%)-5.4C,development
1,24,6C(40%)-3C,development
1,25,6C(40%)-3C,development
1,26,6C(40%)-3.6C,development
1,27,6C(40%)-3.6C,development
1,30,6C(50%)-3.6C,development
1,31,6C(50%)-3.6C,development
1,34,7C(30%)-3.6C,development
1,35,7C(30%)-3.6C,development
1,36,7C(40%)-3C,development
1,37,7C(40%)-3C,development
1,38,7C(40%)-3.6C,development
1,39,7C(40%)-3.6C,development
1,40,8C(15%)-3.6C,development
1,41,8C(15%)-3.6C,development
1,42,8C(25%)-3.6C,development
1,43,8C(25%)-3.6C,development
1,44,8C(35%)-3.6C,development
1,45,8C(35%)-3.6C,development
1,6,4.8C(80%)-4.8C,validation
1,7,4.8C(80%)-4.8C,validation
1,23,6C(30%)-3.6C,validation
1,28,6C(50%)-3C,validation
1,29,6C(50%)-3C,validation
1,32,6C(60%)-3C,validation
1,33,6C(60%)-3C,validation
